hashtags,n,date
COVID19,8190,2021-10-20
coronavirus,4409,2021-10-20
Covid,4005,2021-10-20
Covid_19,3030,2021-10-20
COVID,2861,2021-10-20
covid,2737,2021-10-20
WearAMask,2612,2021-10-20
Coronavirus,1864,2021-10-20
covid19,1787,2021-10-20
Covid19,1699,2021-10-20
pandemic,1142,2021-10-20
WhatsHappeningInMyanmar,984,2021-10-20
lockdown,976,2021-10-20
Oct20Coup,954,2021-10-20
衆院選2021,889,2021-10-20
zero選挙,884,2021-10-20
私が選ぶ,882,2021-10-20
covid_19,879,2021-10-20
20Oct,764,2021-10-20
GetVaccinated,734,2021-10-20
news,674,2021-10-20
datascience,654,2021-10-20
dataanalytics,653,2021-10-20
datavisualizations,652,2021-10-20
dataanalysis,651,2021-10-20
vaccine,627,2021-10-20
vaccination,626,2021-10-20
CandleStrike,608,2021-10-20
workfromhome,570,2021-10-20
Corona,546,2021-10-20
PuebloQueProduceYVence,527,2021-10-20
DowningStreetBriefing,497,2021-10-20
NHS,449,2021-10-20
AIDS,447,2021-10-20
Covid19UK,413,2021-10-20
WorkFromHome,408,2021-10-20
TangkalYangKetiga,370,2021-10-20
DV2021,358,2021-10-20
ToryCovidDisaster,353,2021-10-20
COVID_19,327,2021-10-20
UnidosVenciendo,325,2021-10-20
Vaccine,316,2021-10-20
Pandemic,313,2021-10-20
UK,313,2021-10-20
CovidVaccine,310,2021-10-20
Health,306,2021-10-20
CPIdaCovid,303,2021-10-20
IWillNotComply,295,2021-10-20
India,279,2021-10-20
Pfizer,277,2021-10-20
health,271,2021-10-20
BREAKING,266,2021-10-20
News,266,2021-10-20
auspol,252,2021-10-20
WaspadaClasterLiburan,250,2021-10-20
KekebalanKomunalAkabri99,247,2021-10-20
LongCovid,247,2021-10-20
USA,242,2021-10-20
ToryCovidCatastrophe,239,2021-10-20
vaccines,238,2021-10-20
Lockdown,236,2021-10-20
SmartNews,233,2021-10-20
vaccinated,233,2021-10-20
pandemia,232,2021-10-20
SARSCoV2,232,2021-10-20
CoronaVirus,228,2021-10-20
cdnpoli,221,2021-10-20
Cuba,218,2021-10-20
RAWRAwards2021,217,2021-10-20
Australia,215,2021-10-20
Salud,215,2021-10-20
COVIDIOTS,214,2021-10-20
business,210,2021-10-20
corona,208,2021-10-20
GetVaccinatedNow,207,2021-10-20
mentalhealth,207,2021-10-20
PlanB,199,2021-10-20
love,198,2021-10-20
Bolsonaro,193,2021-10-20
PassSanitaire,193,2021-10-20
DeltaVariant,192,2021-10-20
VaccineMandate,190,2021-10-20
healthcare,180,2021-10-20
PMQs,177,2021-10-20
Venezuela,176,2021-10-20
CoronavirusPandemic,171,2021-10-20
Nicaragua,170,2021-10-20
StaySafe,168,2021-10-20
travel,166,2021-10-20
wearamask,164,2021-10-20
Russia,162,2021-10-20
CoronavirusUpdates,159,2021-10-20
JohnsonOut,158,2021-10-20
CoronaVirusUpdate,155,2021-10-20
Doctor,153,2021-10-20
Delta,151,2021-10-20
FoxNews,151,2021-10-20
jobs,151,2021-10-20
Noticias,151,2021-10-20
VaccinesWork,150,2021-10-20
Insurance,149,2021-10-20
RAWRATIN,149,2021-10-20
COVIDー19,146,2021-10-20
Biotech,145,2021-10-20
JohnsonVariant,144,2021-10-20
Medicine,144,2021-10-20
MedTech,142,2021-10-20
Pharmaceutical,141,2021-10-20
Policy,141,2021-10-20
ScottishIndependence4,141,2021-10-20
Patients,140,2021-10-20
Today,139,2021-10-20
UnidadParaLaProsperidad,139,2021-10-20
Brazil,138,2021-10-20
wednesdaythought,138,2021-10-20
COP26,137,2021-10-20
FMRevolution,137,2021-10-20
Jesus,137,2021-10-20
TodaysMedicalUpdate,137,2021-10-20
remotework,132,2021-10-20
NoVaccinePassports,131,2021-10-20
19Oct,130,2021-10-20
BreakingNews,129,2021-10-20
BolsonaroGenocida,127,2021-10-20
BorisJohnson,127,2021-10-20
China,127,2021-10-20
SB19,126,2021-10-20
education,123,2021-10-20
Canada,122,2021-10-20
NoVaccineMandates,121,2021-10-20
TodosJuntosVamosAdelante,121,2021-10-20
children,119,2021-10-20
NoGreenPass,119,2021-10-20
makemoneyonline,117,2021-10-20
Moderna,117,2021-10-20
bcpoli,116,2021-10-20
2019ncov,114,2021-10-20
Biden,113,2021-10-20
remotejobs,113,2021-10-20
Rusia,112,2021-10-20
sajidjavid,112,2021-10-20
VaksinasiKaltaraSukses,112,2021-10-20
greenpass,111,2021-10-20
Internacional,111,2021-10-20
politics,110,2021-10-20
antivaxxers,108,2021-10-20
México,106,2021-10-20
COVID19Vic,105,2021-10-20
life,105,2021-10-20
usa,105,2021-10-20
CZ21Tachira,104,2021-10-20
DoNotComply,104,2021-10-20
government,103,2021-10-20
PlagueIsland,103,2021-10-20
Pandemia,102,2021-10-20
LetsGoBrandon,101,2021-10-20
Puebla,101,2021-10-20
StayHome,101,2021-10-20
Brexit,100,2021-10-20
quarantine,100,2021-10-20
r4today,99,2021-10-20
corruption,98,2021-10-20
Iran,98,2021-10-20
Bitcoin,97,2021-10-20
France,97,2021-10-20
restaurants,97,2021-10-20
DukungPercepatVaksinasi,96,2021-10-20
新型コロナウイルス,96,2021-10-20
AdonicaB,95,2021-10-20
VaccinesSaveLives,95,2021-10-20
WHO,95,2021-10-20
berkleybearnews,93,2021-10-20
FDA,93,2021-10-20
FJB,93,2021-10-20
RRF,93,2021-10-20
topstories,93,2021-10-20
Vaccination,93,2021-10-20
Medical,92,2021-10-20
OnlineİstekDeğilZorunluluktur,92,2021-10-20
replenishRRF,92,2021-10-20
technology,92,2021-10-20
Entérate,91,2021-10-20
BecomeYourOwnBoss,89,2021-10-20
PEC5NAO,89,2021-10-20
WakeUp,89,2021-10-20
коронавирус,89,2021-10-20
breakingnews,88,2021-10-20
BoosterShots,87,2021-10-20
FJoeBiden,87,2021-10-20
IndiaFightsCorona,87,2021-10-20
india,85,2021-10-20
MONEY,85,2021-10-20
NewsBreak,85,2021-10-20
NoMoreLockdowns,85,2021-10-20
virus,85,2021-10-20
marketing,84,2021-10-20
Masks,84,2021-10-20
Nacional,84,2021-10-20
SaveLives,84,2021-10-20
BuildBackBetter,83,2021-10-20
uk,83,2021-10-20
20ottobre,82,2021-10-20
CDC,82,2021-10-20
Israel,82,2021-10-20
schools,82,2021-10-20
trump,82,2021-10-20
โควิด19,82,2021-10-20
Business,81,2021-10-20
money,81,2021-10-20
Trump,81,2021-10-20
vaccino,81,2021-10-20
ColinPowell,80,2021-10-20
DV2020,80,2021-10-20
Mundo,80,2021-10-20
7NEWS,79,2021-10-20
GroupZirigoza,79,2021-10-20
BorisJohnsonOut,78,2021-10-20
ForaBolsonaro,78,2021-10-20
DictaduraSanitariaRD,77,2021-10-20
Nacionales,77,2021-10-20
US,77,2021-10-20
Christmas,76,2021-10-20
MedTwitter,76,2021-10-20
podcast,76,2021-10-20
Putin,76,2021-10-20
AI,75,2021-10-20
Brasil,75,2021-10-20
MaskUp,75,2021-10-20
Thailand,75,2021-10-20
TNCoronaUpdates,75,2021-10-20
TravisTritt,75,2021-10-20
Quarantine,74,2021-10-20
SocialDistancing,73,2021-10-20
digitalnomad,72,2021-10-20
Ivermectin,72,2021-10-20
NYC,72,2021-10-20
science,72,2021-10-20
coronamaatregelen,71,2021-10-20
CORONAVIRUS,71,2021-10-20
freedom,71,2021-10-20
ToriesOut,71,2021-10-20
20Octubre,70,2021-10-20
CovidIsNotOver,70,2021-10-20
CrimesAgainstHumanity,70,2021-10-20
EEUU,70,2021-10-20
MentalHealth,70,2021-10-20
YoMeVacuno,70,2021-10-20
antivaxxer,69,2021-10-20
AstraZeneca,69,2021-10-20
entrepreneur,69,2021-10-20
ADE,68,2021-10-20
cbseterm1online,68,2021-10-20
CoronavirusAct,68,2021-10-20
economy,68,2021-10-20
EU,68,2021-10-20
SriLanka,68,2021-10-20
Vaccines,68,2021-10-20
EndSARSMemorial,67,2021-10-20
Europe,67,2021-10-20
Healthcare,67,2021-10-20
kids,67,2021-10-20
PlanDeVacunaciónCOVID19,67,2021-10-20
VaccinePassports,67,2021-10-20
hiring,66,2021-10-20
Internacionales,66,2021-10-20
staysafe,66,2021-10-20
WednesdayMotivation,66,2021-10-20
COVID19SL,65,2021-10-20
WFH,65,2021-10-20
MashujaaDay,64,2021-10-20
Neuinfektionen,64,2021-10-20
onpoli,64,2021-10-20
QunA,64,2021-10-20
stayhome,64,2021-10-20
ToryScum,64,2021-10-20
Travel,64,2021-10-20
BEMSIBackToCampus,63,2021-10-20
community,63,2021-10-20
Coronavírus,63,2021-10-20
COVID19LK,63,2021-10-20
newjobs,63,2021-10-20
nomad,63,2021-10-20
OurPublicTransport,63,2021-10-20
QuintanaRoo,63,2021-10-20
Wednesday,63,2021-10-20
covidpropaganda,62,2021-10-20
Education,62,2021-10-20
GMB,62,2021-10-20
MiércolesEmpresarial,62,2021-10-20
N3,62,2021-10-20
QandA,62,2021-10-20
VaccineIsNotMandatory,62,2021-10-20
VaccinePassport,62,2021-10-20
Vacunas,62,2021-10-20
VAED,62,2021-10-20
VAERD,62,2021-10-20
work,62,2021-10-20
art,61,2021-10-20
COVIDisAirborne,61,2021-10-20
Germany,61,2021-10-20
H2GREEN,61,2021-10-20
masks,61,2021-10-20
remote,61,2021-10-20
cybersecurity,60,2021-10-20
digital,60,2021-10-20
Government,60,2021-10-20
job,60,2021-10-20
MedEd,60,2021-10-20
Morocco,60,2021-10-20
pfizer,60,2021-10-20
truth,60,2021-10-20
vaccin,60,2021-10-20
booster,59,2021-10-20
CoronaUpdate,59,2021-10-20
Crypto,59,2021-10-20
EndSARS,59,2021-10-20
FJBiden,59,2021-10-20
maga,59,2021-10-20
PublicHealth,59,2021-10-20
tech,59,2021-10-20
WashYourHands,59,2021-10-20
9News,57,2021-10-20
covidInfo,57,2021-10-20
CovidVaxExposed,57,2021-10-20
Curfew,57,2021-10-20
data,57,2021-10-20
GetVaccinatedSaveLives,57,2021-10-20
HR,57,2021-10-20
OnlineExamForCbse,57,2021-10-20
PassDeLaHonte,57,2021-10-20
vacunas,57,2021-10-20
america,56,2021-10-20
bitcoin,56,2021-10-20
BTS,56,2021-10-20
CONAS,56,2021-10-20
COVID19Vaccine,56,2021-10-20
CPIdaPandemia,56,2021-10-20
leadership,56,2021-10-20
RAWRDonBelle,56,2021-10-20
KaltaraSudahDiVaksin,55,2021-10-20
Melbourne,55,2021-10-20
novax,55,2021-10-20
unvaccinated,55,2021-10-20
Vaccinated,55,2021-10-20
뉴스,55,2021-10-20
코로나,55,2021-10-20
BareShelvesBiden,54,2021-10-20
bbcnews,54,2021-10-20
blacklivesmatter,54,2021-10-20
investment,54,2021-10-20
Italia,54,2021-10-20
music,54,2021-10-20
nhs,54,2021-10-20
PasseSanitaire,54,2021-10-20
Politics,54,2021-10-20
vaccini,54,2021-10-20
vacuna,54,2021-10-20
Argentina,53,2021-10-20
crypto,53,2021-10-20
Eternals,53,2021-10-20
facemasks,53,2021-10-20
media,53,2021-10-20
postpone_ras_pre_2021,53,2021-10-20
Profecias,53,2021-10-20
propaganda,53,2021-10-20
remotejob,53,2021-10-20
RicardoClaurePeñaloza,53,2021-10-20
SalvarElAlmaHastaDelUltimoHombre,53,2021-10-20
SinfoniasCelestiales,53,2021-10-20
World,53,2021-10-20
YouthConnektOnY,53,2021-10-20
34añosDeHistoria,52,2021-10-20
ableg,52,2021-10-20
Covid_19mx,52,2021-10-20
family,52,2021-10-20
JohnsonLiedPeopleDied,52,2021-10-20
mask,52,2021-10-20
SehatAwalKemenangan,52,2021-10-20
Wuhan,52,2021-10-20
كورونا,52,2021-10-20
وزارة_الصحة,52,2021-10-20
antivax,51,2021-10-20
Booster,51,2021-10-20
digitalmarketing,51,2021-10-20
Johnson,51,2021-10-20
Scamdemic,51,2021-10-20
Tories,51,2021-10-20
Biblia,50,2021-10-20
covidiots,50,2021-10-20
EconomicTimes,50,2021-10-20
Impfung,50,2021-10-20
JairBolsonaro,50,2021-10-20
VaksinasiRedakanCovid19,50,2021-10-20
VigilanceSanitaire,50,2021-10-20
Новости,50,2021-10-20
Children,49,2021-10-20
CoronaVaccine,49,2021-10-20
COVID19PH,49,2021-10-20
FreedomDay,49,2021-10-20
Halloween,49,2021-10-20
Macron,49,2021-10-20
NEWS,49,2021-10-20
publichealth,49,2021-10-20
Tory,49,2021-10-20
ÚltimaHora,49,2021-10-20
vaccinatiedwang,49,2021-10-20
VacunaCOVID19,49,2021-10-20
Draghi,48,2021-10-20
Europa,48,2021-10-20
Florida,48,2021-10-20
Mexico,48,2021-10-20
Ontario,48,2021-10-20
worldnews,48,2021-10-20
BigPharma,47,2021-10-20
book,47,2021-10-20
fakenews,47,2021-10-20
God,47,2021-10-20
MedNews,47,2021-10-20
MenangBersama,47,2021-10-20
ReinoUnido,47,2021-10-20
Singapore,47,2021-10-20
socialdistancing,47,2021-10-20
COVID19AB,46,2021-10-20
goodlawproject,46,2021-10-20
innovation,46,2021-10-20
London,46,2021-10-20
NorthernLineCT,46,2021-10-20
Pandemie,46,2021-10-20
skpoli,46,2021-10-20
trending,46,2021-10-20
Ukraine,46,2021-10-20
VaccineMandates,46,2021-10-20
women,46,2021-10-20
BBCBreakfast,45,2021-10-20
CovidVaccines,45,2021-10-20
DigitalTransformation,45,2021-10-20
Freedom,45,2021-10-20
ICYMI,45,2021-10-20
Oaxaca,45,2021-10-20
photography,45,2021-10-20
Vacina,45,2021-10-20
Vacuna,45,2021-10-20
57TahunGolkar,44,2021-10-20
cash,44,2021-10-20
CZGNB35APURE,44,2021-10-20
delta,44,2021-10-20
EndTheFed,44,2021-10-20
flu,44,2021-10-20
GTTO,44,2021-10-20
ivermectin,44,2021-10-20
TheGreatReset,44,2021-10-20
tourism,44,2021-10-20
TrendsSpy,44,2021-10-20
новости,44,2021-10-20
affiliatemarketing,43,2021-10-20
cancer,43,2021-10-20
CBSE,43,2021-10-20
covidinfo,43,2021-10-20
COVIDVaccination,43,2021-10-20
Ecuador,43,2021-10-20
EstadosUnidos,43,2021-10-20
Finance,43,2021-10-20
instagram,43,2021-10-20
LargestVaccineDrive,43,2021-10-20
lka,43,2021-10-20
MAGA,43,2021-10-20
Maharashtra,43,2021-10-20
misinformation,43,2021-10-20
noticias,43,2021-10-20
NotInTheMood,43,2021-10-20
PoliticsLive,43,2021-10-20
research,43,2021-10-20
SigamosCuidándonos,43,2021-10-20
stocks,43,2021-10-20
ToriesUnfitToGovern,43,2021-10-20
VaccinatieSchade,43,2021-10-20
Video,43,2021-10-20
โควิด,43,2021-10-20
abpoli,42,2021-10-20
AHORA,42,2021-10-20
Covaxin,42,2021-10-20
IGDGlobal2021,42,2021-10-20
NaturalImmunity,42,2021-10-20
nhscrisis,42,2021-10-20
school,42,2021-10-20
socialmedia,42,2021-10-20
Africa,41,2021-10-20
ClimateCrisis,41,2021-10-20
feedly,41,2021-10-20
finance,41,2021-10-20
GOP,41,2021-10-20
MentalHealthMatters,41,2021-10-20
News18,41,2021-10-20
nzpol,41,2021-10-20
Toronto,41,2021-10-20
ToryIncompetence,41,2021-10-20
Unite2FightCorona,41,2021-10-20
bbcpm,40,2021-10-20
DireitosnaRede,40,2021-10-20
JeremyVine,40,2021-10-20
LulaLivreBrasilLivre,40,2021-10-20
NBA,40,2021-10-20
NoVaccinePassportsAnywhere,40,2021-10-20
pharma,40,2021-10-20
ProtectKimSeonHo,40,2021-10-20
RedePTRibeirao,40,2021-10-20
s,40,2021-10-20
TáCaroCulpaDoBolsonaro,40,2021-10-20
Technology,40,2021-10-20
Texas,40,2021-10-20
Vaccin,40,2021-10-20
VaccineCertificate,40,2021-10-20
โควิดวันนี้,40,2021-10-20
Breakingnews,39,2021-10-20
covidvaccine,39,2021-10-20
Destacadas,39,2021-10-20
edtech,39,2021-10-20
Fauci,39,2021-10-20
futureofwork,39,2021-10-20
HerdImmunity,39,2021-10-20
Italy,39,2021-10-20
KeluargaMalaysia,39,2021-10-20
longcovid,39,2021-10-20
makemoney,39,2021-10-20
OwnYourLife,39,2021-10-20
Pakistan,39,2021-10-20
ProphetElvisMbonye,39,2021-10-20
SajidJavid,39,2021-10-20
springst,39,2021-10-20
Victoria,39,2021-10-20
WorldEBHCDay,39,2021-10-20
новини,39,2021-10-20
15NovForaBolsonaro,38,2021-10-20
America,38,2021-10-20
books,38,2021-10-20
coronavírus,38,2021-10-20
España,38,2021-10-20
ItCanBe,38,2021-10-20
law,38,2021-10-20
lifeatunpar,38,2021-10-20
LiMengYan,38,2021-10-20
OMS,38,2021-10-20
salud,38,2021-10-20
T20WorldCup,38,2021-10-20
UmudumuzAşıDeğilOnline,38,2021-10-20
webinar,38,2021-10-20
AFP,37,2021-10-20
Chile,37,2021-10-20
climate,37,2021-10-20
CNN,37,2021-10-20
CubaPorLaVida,37,2021-10-20
ecommerce,37,2021-10-20
g1,37,2021-10-20
getvaccinated,37,2021-10-20
inflation,37,2021-10-20
LatestNews,37,2021-10-20
NewsFeed,37,2021-10-20
Oct19Coup,37,2021-10-20
romania,37,2021-10-20
wellbeing,37,2021-10-20
AsanteUhuru,36,2021-10-20
Bannon,36,2021-10-20
Community,36,2021-10-20
COVID19nz,36,2021-10-20
FreedomFlu,36,2021-10-20
InfoFlash,36,2021-10-20
investing,36,2021-10-20
PlanVacunación,36,2021-10-20
supplychain,36,2021-10-20
UAE,36,2021-10-20
vacunación,36,2021-10-20
Vacunación,36,2021-10-20
world,36,2021-10-20
فيروس_كورونا_المستجدّ,36,2021-10-20
COVID19Aus,35,2021-10-20
COVIDIOT,35,2021-10-20
DIRECTO,35,2021-10-20
FB__G,35,2021-10-20
GreatReset,35,2021-10-20
Inzidenz,35,2021-10-20
IoT,35,2021-10-20
LongCovidKids,35,2021-10-20
MashujaaInKirinyaga,35,2021-10-20
medical,35,2021-10-20
NFT,35,2021-10-20
OrgLead21,35,2021-10-20
ppkm,35,2021-10-20
SaveDiversityVisa,35,2021-10-20
smallbusiness,35,2021-10-20
stiri,35,2021-10-20
Telegram,35,2021-10-20
wfh,35,2021-10-20
ZeroCovid,35,2021-10-20
biden,34,2021-10-20
BidenIsAFailure,34,2021-10-20
BlackLivesMatter,34,2021-10-20
COVID19nsw,34,2021-10-20
CPIdoCirco,34,2021-10-20
earnonline,34,2021-10-20
facemask,34,2021-10-20
Global,34,2021-10-20
JohnsonMustGo,34,2021-10-20
kelasMIHI,34,2021-10-20
Mumbai,34,2021-10-20
Newsnight,34,2021-10-20
PakistanDemandsCrypto,34,2021-10-20
Reading,34,2021-10-20
telehealth,34,2021-10-20
Twitter,34,2021-10-20
ÚLTIMAHORA,34,2021-10-20
vaccinate,34,2021-10-20
video,34,2021-10-20
نیب_نیازی_گٹھ_جوڑ,34,2021-10-20
blog,33,2021-10-20
California,33,2021-10-20
ClimateChange,33,2021-10-20
CoercionIsNotConsent,33,2021-10-20
CoronaInfoCH,33,2021-10-20
design,33,2021-10-20
EmptyShelvesBiden,33,2021-10-20
follow,33,2021-10-20
GreenpassObligatorio,33,2021-10-20
horror,33,2021-10-20
Jobs,33,2021-10-20
keepiton,33,2021-10-20
ladies,33,2021-10-20
latestnews,33,2021-10-20
Madrid,33,2021-10-20
MashujaaDay2021,33,2021-10-20
onlinebusiness,33,2021-10-20
onlineshopping,33,2021-10-20
oralvaultradio,33,2021-10-20
realestate,33,2021-10-20
russia,33,2021-10-20
SaveTheNHS,33,2021-10-20
SemangatPresisiPolresGorontalo,33,2021-10-20
skincare,33,2021-10-20
sports,33,2021-10-20
Tamaulipas,33,2021-10-20
VaccinationObligatoire,33,2021-10-20
뉴스1,33,2021-10-20
ANSA,32,2021-10-20
Auckland,32,2021-10-20
blogger,32,2021-10-20
CapeFlatsLineCT,32,2021-10-20
Conservatives,32,2021-10-20
covid19vic,32,2021-10-20
CovidUK,32,2021-10-20
CPI,32,2021-10-20
deaths,32,2021-10-20
FelizMiercoles,32,2021-10-20
GovernmentsLie,32,2021-10-20
ICSE,32,2021-10-20
JusticeForCbseStudents,32,2021-10-20
KeepTheFactsGoing,32,2021-10-20
Science,32,2021-10-20
shoes,32,2021-10-20
students,32,2021-10-20
success,32,2021-10-20
Trending,32,2021-10-20
WearADamnMask,32,2021-10-20
affiliate,31,2021-10-20
Alberta,31,2021-10-20
ATENCIÓN,31,2021-10-20
breaking,31,2021-10-20
CoronaVirusUpdates,31,2021-10-20
CovidIsReal,31,2021-10-20
cryptocurrency,31,2021-10-20
DeltaPlus,31,2021-10-20
face2face,31,2021-10-20
Japan,31,2021-10-20
JHSON,31,2021-10-20
Kenya,31,2021-10-20
LBRY,31,2021-10-20
learning,31,2021-10-20
Maroc,31,2021-10-20
medischeapartheid,31,2021-10-20
NewYork,31,2021-10-20
PCR,31,2021-10-20
Romania,31,2021-10-20
safety,31,2021-10-20
Virus,31,2021-10-20
YanLiMeng,31,2021-10-20
8worldnews,30,2021-10-20
8视界新闻网,30,2021-10-20
Actualidad,30,2021-10-20
Breaking,30,2021-10-20
building,30,2021-10-20
ClimateEmergency,30,2021-10-20
CNFT,30,2021-10-20
CoronavirusOutbreak,30,2021-10-20
COVAX,30,2021-10-20
COVID__19,30,2021-10-20
DictaduraSanitaria,30,2021-10-20
earnmoney,30,2021-10-20
EnoughIsEnough,30,2021-10-20
FMTNews,30,2021-10-20
gmb,30,2021-10-20
GreenpassObbligatorio,30,2021-10-20
hospital,30,2021-10-20
InNOut,30,2021-10-20
Ireland,30,2021-10-20
JobsFair,30,2021-10-20
Leadership,30,2021-10-20
like,30,2021-10-20
LockDown,30,2021-10-20
maskup,30,2021-10-20
MoneyControl,30,2021-10-20
NowPlaying,30,2021-10-20
online,30,2021-10-20
Online,30,2021-10-20
parents,30,2021-10-20
PlanBnow,30,2021-10-20
pmqs,30,2021-10-20
Police,30,2021-10-20
QuédateEnCasa,30,2021-10-20
scifi,30,2021-10-20
startup,30,2021-10-20
TikTok,30,2021-10-20
Trieste,30,2021-10-20
UPDATE,30,2021-10-20
VaccinationDrive,30,2021-10-20
vacina,30,2021-10-20
Украина,30,2021-10-20
ayopakaimasker,29,2021-10-20
BidenIsADisgrace,29,2021-10-20
BidenMustResign,29,2021-10-20
covid19sk,29,2021-10-20
CryptoNews,29,2021-10-20
England,29,2021-10-20
ForaBolsonaroGenocida,29,2021-10-20
free,29,2021-10-20
HIV,29,2021-10-20
homeownersinsurance,29,2021-10-20
hospitality,29,2021-10-20
influenza,29,2021-10-20
instagood,29,2021-10-20
insurance,29,2021-10-20
internetmarketing,29,2021-10-20
melborne,29,2021-10-20
Messi,29,2021-10-20
mRNA,29,2021-10-20
NoCompremosArcor,29,2021-10-20
nurses,29,2021-10-20
Patentes,29,2021-10-20
podcasting,29,2021-10-20
ReporteCOVID19,29,2021-10-20
retail,29,2021-10-20
Sanidad,29,2021-10-20
SayNoToCommunism,29,2021-10-20
SB19MTVEMANominee,29,2021-10-20
security,29,2021-10-20
SittingDucks,29,2021-10-20
socialmediamarketing,29,2021-10-20
TheBachelorette,29,2021-10-20
ToryCorruption,29,2021-10-20
ToryCriminalsUnfitToGovern,29,2021-10-20
UttarPradesh,29,2021-10-20
WritingCommunity,29,2021-10-20
Andalucía,28,2021-10-20
anxiety,28,2021-10-20
cnn,28,2021-10-20
Colombia,28,2021-10-20
Conversatoriocientifico,28,2021-10-20
coronavirusuk,28,2021-10-20
covid19brasil,28,2021-10-20
KaranKundrra,28,2021-10-20
LindungDiriLindungSemua,28,2021-10-20
movies,28,2021-10-20
OlaDeSolidaridadPorÁlexSaab,28,2021-10-20
StopAsianHate,28,2021-10-20
SupplyChain,28,2021-10-20
SupplyChainCrisis,28,2021-10-20
ToryShambles,28,2021-10-20
UPSCExtraAttempt,28,2021-10-20
Vietnam,28,2021-10-20
WednesdayThoughts,28,2021-10-20
workingmothers,28,2021-10-20
新型コロナ,28,2021-10-20
英語学習,28,2021-10-20
ARIAsTaylorSwift,27,2021-10-20
canada,27,2021-10-20
domain,27,2021-10-20
domains,27,2021-10-20
ElonMusk,27,2021-10-20
employment,27,2021-10-20
FijiNews,27,2021-10-20
FocoInformativo,27,2021-10-20
friends,27,2021-10-20
GetVaxxed,27,2021-10-20
GloboNews,27,2021-10-20
Home,27,2021-10-20
Kerala,27,2021-10-20
MaskMandates,27,2021-10-20
MECFS,27,2021-10-20
medtwitter,27,2021-10-20
melbourne,27,2021-10-20
Money,27,2021-10-20
motivation,27,2021-10-20
MUNATA,27,2021-10-20
NewNormal,27,2021-10-20
NewZealand,27,2021-10-20
NFTartist,27,2021-10-20
NFTdrop,27,2021-10-20
NPHET,27,2021-10-20
PANDEMIC,27,2021-10-20
Russie,27,2021-10-20
SchoolStrike2021,27,2021-10-20
SocialMedia,27,2021-10-20
stayhomeandwork,27,2021-10-20
TeamPNP,27,2021-10-20
VaccinationIsNotCompulsary,27,2021-10-20
VaccineSideEffects,27,2021-10-20
vacunacion,27,2021-10-20
virtualcareers,27,2021-10-20
VladimirPutin,27,2021-10-20
WhiteHouse,27,2021-10-20
うひーメモ,27,2021-10-20
コロナ,27,2021-10-20
郭文贵,27,2021-10-20
australia,26,2021-10-20
Bangladesh,26,2021-10-20
BigData,26,2021-10-20
boosters,26,2021-10-20
BorisTheLiar,26,2021-10-20
branding,26,2021-10-20
Britain,26,2021-10-20
COVIDBooster,26,2021-10-20
CPIdaCOVID19,26,2021-10-20
Cybersecurity,26,2021-10-20
DemVoice1,26,2021-10-20
digitalhealth,26,2021-10-20
DrLiMengYan1,26,2021-10-20
Economy,26,2021-10-20
election,26,2021-10-20
Entrepreneur,26,2021-10-20
Facebook,26,2021-10-20
fitness,26,2021-10-20
Galicia,26,2021-10-20
Gobierno,26,2021-10-20
IIPW,26,2021-10-20
JohnsonHasFailedTheNation,26,2021-10-20
koronawirus,26,2021-10-20
lawyer,26,2021-10-20
lifestyle,26,2021-10-20
Markets,26,2021-10-20
moronavirus,26,2021-10-20
NCOC,26,2021-10-20
Netherlands,26,2021-10-20
NWO,26,2021-10-20
NYT,26,2021-10-20
OlaDeSolidaridadPorAlexSaab,26,2021-10-20
Peston,26,2021-10-20
PNPKakampiMo,26,2021-10-20
PonteVIVO,26,2021-10-20
Quebec,26,2021-10-20
remoteworking,26,2021-10-20
Research,26,2021-10-20
SARS_CoV_2,26,2021-10-20
Saúde,26,2021-10-20
School,26,2021-10-20
Scotland,26,2021-10-20
skynews,26,2021-10-20
SputnikV,26,2021-10-20
StrongerTogether,26,2021-10-20
Taiwan,26,2021-10-20
ufotwitter,26,2021-10-20
UttarakhandKaSevakDhami,26,2021-10-20
vaccinations,26,2021-10-20
vaccineswork,26,2021-10-20
vaccins,26,2021-10-20
WeServeAndProtect,26,2021-10-20
Yucatán,26,2021-10-20
ArmyExamMeraHaq,25,2021-10-20
Atención,25,2021-10-20
attorney,25,2021-10-20
Australian,25,2021-10-20
BioNTech,25,2021-10-20
biotech,25,2021-10-20
brexit,25,2021-10-20
Cancún,25,2021-10-20
CubaPorLaSalud,25,2021-10-20
CZ13Falcón,25,2021-10-20
DeathSantis,25,2021-10-20
Deutschland,25,2021-10-20
doctors,25,2021-10-20
dogecoin,25,2021-10-20
IT,25,2021-10-20
Kuwait,25,2021-10-20
livestreaming,25,2021-10-20
LOCKDOWN,25,2021-10-20
MachineLearning,25,2021-10-20
Maryland,25,2021-10-20
Moscow,25,2021-10-20
N2,25,2021-10-20
newsplayerplus,25,2021-10-20
NoMandatoryVaccine,25,2021-10-20
op1,25,2021-10-20
police,25,2021-10-20
recovery,25,2021-10-20
Republicans,25,2021-10-20
StopAAPIHate,25,2021-10-20
vaccinatevi_e_basta,25,2021-10-20
VacunandonosPuebloQueVence,25,2021-10-20
WednesdayWisdom,25,2021-10-20
ブログ初心者,25,2021-10-20
毎日の積み上げ,25,2021-10-20
AdelanteSiempre,24,2021-10-20
Agenda2030,24,2021-10-20
AY42,24,2021-10-20
Caracas,24,2021-10-20
climatechange,24,2021-10-20
coronapas,24,2021-10-20
curfew,24,2021-10-20
fact,24,2021-10-20
FakeNews,24,2021-10-20
fashion,24,2021-10-20
fintech,24,2021-10-20
FiqueEmCasa,24,2021-10-20
HipHop,24,2021-10-20
lockdowns,24,2021-10-20
Malaysia,24,2021-10-20
MaskMandateNow,24,2021-10-20
MUFC,24,2021-10-20
Netflix,24,2021-10-20
NYPD,24,2021-10-20
Odisha,24,2021-10-20
PandemieEnde,24,2021-10-20
Política,24,2021-10-20
SouthernLineCT,24,2021-10-20
Students,24,2021-10-20
ThankYourCleanerDay,24,2021-10-20
Tourism,24,2021-10-20
utpol,24,2021-10-20
vaccinatieplicht,24,2021-10-20
κρουσματα,24,2021-10-20
Bank,23,2021-10-20
bhfyp,23,2021-10-20
BillGates,23,2021-10-20
BrexitShambles,23,2021-10-20
careers,23,2021-10-20
CDMX,23,2021-10-20
COVID19BC,23,2021-10-20
Draghistan,23,2021-10-20
ForaPacheco,23,2021-10-20
forex,23,2021-10-20
fun,23,2021-10-20
giveaway,23,2021-10-20
hawaii,23,2021-10-20
home,23,2021-10-20
homebusiness,23,2021-10-20
homeoffice,23,2021-10-20
Hospital,23,2021-10-20
HumanRights,23,2021-10-20
ICMKTG,23,2021-10-20
immunity,23,2021-10-20
INDvsAUS,23,2021-10-20
infosec,23,2021-10-20
Javid,23,2021-10-20
JuntosSaldremosAdelante,23,2021-10-20
KitaJagaKita,23,2021-10-20
Latvia,23,2021-10-20
LifeStory_Of_NabiMuhammad,23,2021-10-20
Lockdown4,23,2021-10-20
moderna,23,2021-10-20
NBA75,23,2021-10-20
NFTCommunity,23,2021-10-20
NoCovid,23,2021-10-20
nogreenpass,23,2021-10-20
Nuremberg2,23,2021-10-20
nurse,23,2021-10-20
pandemi,23,2021-10-20
pharmacy,23,2021-10-20
Pune,23,2021-10-20
Spain,23,2021-10-20
strategy,23,2021-10-20
T20WorldCup2021,23,2021-10-20
today,23,2021-10-20
UsaCubrebocas,23,2021-10-20
Τσιοδρας,23,2021-10-20
今日中国报,23,2021-10-20
Arizona,22,2021-10-20
ArtificialIntelligence,22,2021-10-20
BTC,22,2021-10-20
ChampionsLeague,22,2021-10-20
china,22,2021-10-20
contagi,22,2021-10-20
COVID19Pandemic,22,2021-10-20
covid19uk,22,2021-10-20
COVID19UK,22,2021-10-20
COVIDVaccine,22,2021-10-20
Data,22,2021-10-20
Dubai,22,2021-10-20
ExtraAttemptForOverage,22,2021-10-20
FicaEmCasa,22,2021-10-20
FlattenTheCurve,22,2021-10-20
freelancer,22,2021-10-20
FullyVaccinated,22,2021-10-20
GenocideGames,22,2021-10-20
help,22,2021-10-20
HipHopBeats,22,2021-10-20
hybridwork,22,2021-10-20
Innovation,22,2021-10-20
IPD21,22,2021-10-20
LongCOVID,22,2021-10-20
melbournelockdown,22,2021-10-20
musicvideomixes,22,2021-10-20
nftcollector,22,2021-10-20
NHL,22,2021-10-20
ODX,22,2021-10-20
PANDEMIA,22,2021-10-20
Paris,22,2021-10-20
planb,22,2021-10-20
postpone_raspre2021,22,2021-10-20
Pressconference,22,2021-10-20
RadheShyam,22,2021-10-20
recruitment,22,2021-10-20
RN,22,2021-10-20
Services,22,2021-10-20
Sinovac,22,2021-10-20
software,22,2021-10-20
sustainability,22,2021-10-20
Sweden,22,2021-10-20
TomorrowsPapersToday,22,2021-10-20
ToryDemocide,22,2021-10-20
TShirts,22,2021-10-20
vaccinemandate,22,2021-10-20
Washington,22,2021-10-20
yeg,22,2021-10-20
YoMTVRaps,22,2021-10-20
фэнтези,22,2021-10-20
闫丽梦,22,2021-10-20
AMC,21,2021-10-20
BacheloretteAU,21,2021-10-20
Bangkok,21,2021-10-20
bollettino,21,2021-10-20
BorisJohnsonMustGo,21,2021-10-20
CHEST2021,21,2021-10-20
Chicago,21,2021-10-20
COVID19vaccine,21,2021-10-20
COVID2019,21,2021-10-20
DataScience,21,2021-10-20
delhi,21,2021-10-20
DictatureSanitaire,21,2021-10-20
employees,21,2021-10-20
eventprofs,21,2021-10-20
facts,21,2021-10-20
fantasy,21,2021-10-20
GELP,21,2021-10-20
GNBLaGuaira,21,2021-10-20
Google,21,2021-10-20
HappyMashujaaDay2021,21,2021-10-20
Hidalgo,21,2021-10-20
InformaciónParaTi,21,2021-10-20
KimSeonHo,21,2021-10-20
Latinus,21,2021-10-20
LPC1,21,2021-10-20
mandate,21,2021-10-20
Marketing,21,2021-10-20
medicine,21,2021-10-20
mondkapjes,21,2021-10-20
MostEligibileBachelor,21,2021-10-20
NFTS,21,2021-10-20
NFTshilling,21,2021-10-20
nonprofit,21,2021-10-20
office,21,2021-10-20
OSHA,21,2021-10-20
Peru,21,2021-10-20
quote,21,2021-10-20
SmallBusiness,21,2021-10-20
SmallBusinessOwner,21,2021-10-20
SociétéPolitiqueMédias,21,2021-10-20
StopAsianHateCrimes,21,2021-10-20
support,21,2021-10-20
Sydney,21,2021-10-20
teachers,21,2021-10-20
UnitedStates,21,2021-10-20
Vaccinate,21,2021-10-20
vicpol,21,2021-10-20
VoteBlue2022,21,2021-10-20
wellness,21,2021-10-20
yyc,21,2021-10-20
приключения,21,2021-10-20
ニュース,21,2021-10-20
新冠又一年,21,2021-10-20
20oct,20,2021-10-20
20OCT,20,2021-10-20
abhealth,20,2021-10-20
Amazonía,20,2021-10-20
app,20,2021-10-20
Aprizion,20,2021-10-20
Aryan,20,2021-10-20
Banking,20,2021-10-20
BankingAndFinanceNews,20,2021-10-20
Bargain,20,2021-10-20
BBoy,20,2021-10-20
Bethesda,20,2021-10-20
BGirl,20,2021-10-20
blm,20,2021-10-20
BookBoost,20,2021-10-20
BoomBap,20,2021-10-20
brasil,20,2021-10-20
BusinessStandard,20,2021-10-20
BuyTheDip,20,2021-10-20
Carabobo,20,2021-10-20
career,20,2021-10-20
CarlosEMendez,20,2021-10-20
Christmasgifts,20,2021-10-20
Ciben2021,20,2021-10-20
COVID19India,20,2021-10-20
COVID19VIC,20,2021-10-20
deltavariant,20,2021-10-20
doctor,20,2021-10-20
DOGE,20,2021-10-20
DonalBisht,20,2021-10-20
EndPoverty,20,2021-10-20
EvidenceFirst,20,2021-10-20
FANB,20,2021-10-20
Funk,20,2021-10-20
G20,20,2021-10-20
GetTheShot,20,2021-10-20
GrabAJab,20,2021-10-20
healthy,20,2021-10-20
horrorfam,20,2021-10-20
Ikiam,20,2021-10-20
JoeBiden,20,2021-10-20
johnsonandjohnson,20,2021-10-20
Karenni,20,2021-10-20
Lease,20,2021-10-20
Lending,20,2021-10-20
LFI,20,2021-10-20
Loan,20,2021-10-20
logistics,20,2021-10-20
manifs23octobre,20,2021-10-20
Martinique,20,2021-10-20
math,20,2021-10-20
MUNDO,20,2021-10-20
NeilCavuto,20,2021-10-20
NFL,20,2021-10-20
NonAuPassSanitaire,20,2021-10-20
NOUVELLES,20,2021-10-20
ODia,20,2021-10-20
OleOut,20,2021-10-20
plandemic,20,2021-10-20
polqc,20,2021-10-20
PortaliG,20,2021-10-20
PrevenirEsSalud,20,2021-10-20
PrintAgain,20,2021-10-20
Python,20,2021-10-20
QRcode,20,2021-10-20
restrictions,20,2021-10-20
SayNoToVaccineMandate,20,2021-10-20
Security,20,2021-10-20
ShopatHome,20,2021-10-20
Sociedad,20,2021-10-20
Spahn,20,2021-10-20
StayatHome,20,2021-10-20
StaySafeStayHealthy,20,2021-10-20
STEM,20,2021-10-20
Syria,20,2021-10-20
TOpoli,20,2021-10-20
UnitedKingdom,20,2021-10-20
University,20,2021-10-20
vacinação,20,2021-10-20
Veracruz,20,2021-10-20
VERZUZ,20,2021-10-20
VideoMixTapes,20,2021-10-20
wakeup,20,2021-10-20
Zemmour,20,2021-10-20
Беларусь,20,2021-10-20
любовь,20,2021-10-20
คิมซอนโฮ,20,2021-10-20
56inchGayab,19,2021-10-20
amazon,19,2021-10-20
AuspiceRefugees,19,2021-10-20
BestBreakUpLines,19,2021-10-20
bolsonaro,19,2021-10-20
BolsonaroNaCadeia,19,2021-10-20
Boris,19,2021-10-20
BrexitDisaster,19,2021-10-20
ClásicoDelAstillero,19,2021-10-20
cloud,19,2021-10-20
college,19,2021-10-20
ComprehensiveSpendingReview,19,2021-10-20
CSKvsKKR,19,2021-10-20
CubaEsCultura,19,2021-10-20
digitaltransformation,19,2021-10-20
equity,19,2021-10-20
FluShot,19,2021-10-20
GlobalCitizen,19,2021-10-20
GOPDeathCult,19,2021-10-20
gripe,19,2021-10-20
humanresources,19,2021-10-20
HumanResources,19,2021-10-20
Ikiam7AñosDeInvestigación,19,2021-10-20
Indonesia,19,2021-10-20
InternationalNews,19,2021-10-20
Job,19,2021-10-20
koronavirus,19,2021-10-20
lawancovid19,19,2021-10-20
LigaProBetcris,19,2021-10-20
LivesOverProfits,19,2021-10-20
LREM,19,2021-10-20
management,19,2021-10-20
Mask,19,2021-10-20
MedicalNews,19,2021-10-20
Merck,19,2021-10-20
mission2024,19,2021-10-20
molnupiravir,19,2021-10-20
MSM,19,2021-10-20
NeverVoteConservative,19,2021-10-20
newnormal,19,2021-10-20
NewYorkCity,19,2021-10-20
NoMandates,19,2021-10-20
NonAuPassDeLaHonte,19,2021-10-20
note,19,2021-10-20
Notizie,19,2021-10-20
pharmaceutical,19,2021-10-20
planB,19,2021-10-20
Plandemia,19,2021-10-20
politicslive,19,2021-10-20
pregnancy,19,2021-10-20
protokolkesehatan,19,2021-10-20
RentRelief,19,2021-10-20
Resist,19,2021-10-20
retweet,19,2021-10-20
SafeEdForAll,19,2021-10-20
SALUD,19,2021-10-20
SanFrancisco,19,2021-10-20
SDGs,19,2021-10-20
selfcare,19,2021-10-20
SNG,19,2021-10-20
SocialCareCantWait,19,2021-10-20
TeamIndiaVsCovid,19,2021-10-20
Tech,19,2021-10-20
TonightVMTV,19,2021-10-20
ToryLiars,19,2021-10-20
Tyranny,19,2021-10-20
VacinaSim,19,2021-10-20
ValmikiJayanti2021,19,2021-10-20
ventilation,19,2021-10-20
Vida,19,2021-10-20
virtual,19,2021-10-20
WEARAMASK,19,2021-10-20
workathome,19,2021-10-20
WorkfromHome,19,2021-10-20
ชุดตรวจโควิด,19,2021-10-20
Apple,18,2021-10-20
APW21,18,2021-10-20
assignmentexpert,18,2021-10-20
AtamasizSaglikciYiliYalani,18,2021-10-20
automation,18,2021-10-20
BidensAmerica,18,2021-10-20
Blockchain,18,2021-10-20
Bolivia,18,2021-10-20
burnout,18,2021-10-20
C4News,18,2021-10-20
Cambodia,18,2021-10-20
chilhavisto,18,2021-10-20
ClimateAction,18,2021-10-20
CLM,18,2021-10-20
CORRUPTION,18,2021-10-20
CyberSecurity,18,2021-10-20
dailybriefing,18,2021-10-20
DailyTribune,18,2021-10-20
DaveChappelle,18,2021-10-20
DELTA,18,2021-10-20
Deportes,18,2021-10-20
Djokovic,18,2021-10-20
DYK,18,2021-10-20
entrepreneurs,18,2021-10-20
ETH,18,2021-10-20
EUROPE,18,2021-10-20
FauciLied,18,2021-10-20
followback,18,2021-10-20
FoxBusiness,18,2021-10-20
FutureCity21,18,2021-10-20
FuturePanel,18,2021-10-20
fyp,18,2021-10-20
IPL2021,18,2021-10-20
IPLFinal,18,2021-10-20
Islam,18,2021-10-20
JustinHill,18,2021-10-20
Latest,18,2021-10-20
ldnont,18,2021-10-20
lelang,18,2021-10-20
lies,18,2021-10-20
LPSE,18,2021-10-20
Luxembourg,18,2021-10-20
mbpoli,18,2021-10-20
NBSAmasengejje,18,2021-10-20
NoConsent,18,2021-10-20
Noticia,18,2021-10-20
Observator,18,2021-10-20
PaidLeaveforAll,18,2021-10-20
payments,18,2021-10-20
PeriodismoUNAH,18,2021-10-20
phishing,18,2021-10-20
PNG,18,2021-10-20
RD,18,2021-10-20
remotelearning,18,2021-10-20
ReopeningSafely,18,2021-10-20
republican,18,2021-10-20
saude,18,2021-10-20
SaveOurNHS,18,2021-10-20
Seguros,18,2021-10-20
Sicilia,18,2021-10-20
SMEs,18,2021-10-20
SomosCuba,18,2021-10-20
Sputnik,18,2021-10-20
TamilNadu,18,2021-10-20
tender,18,2021-10-20
ThailandNews,18,2021-10-20
trading,18,2021-10-20
travelban,18,2021-10-20
TravelNews,18,2021-10-20
tuberculosis,18,2021-10-20
UE,18,2021-10-20
Uganda,18,2021-10-20
Vaccinatie,18,2021-10-20
VaccinesArePoison,18,2021-10-20
Valmiki,18,2021-10-20
Valmiki_Jayanti2021,18,2021-10-20
VarianteDelta,18,2021-10-20
vax,18,2021-10-20
VirusesDoNotExist,18,2021-10-20
WamNews,18,2021-10-20
wato,18,2021-10-20
workplace,18,2021-10-20
κορωνοιος,18,2021-10-20
全球大流行,18,2021-10-20
antimask,17,2021-10-20
aviation,17,2021-10-20
Beatles,17,2021-10-20
BIDASolusyon,17,2021-10-20
Caribbean,17,2021-10-20
Conservative,17,2021-10-20
COVID19SK,17,2021-10-20
COVID19vaccines,17,2021-10-20
CuidemosTodosDeTodos,17,2021-10-20
diabetes,17,2021-10-20
donaldtrump,17,2021-10-20
DosisDeRefuerzo,17,2021-10-20
DZRHNationwide,17,2021-10-20
EdoméxEnSemáforoVerde,17,2021-10-20
Epidemiology,17,2021-10-20
facebook,17,2021-10-20
Forex,17,2021-10-20
G7,17,2021-10-20
gifts,17,2021-10-20
hotels,17,2021-10-20
hr,17,2021-10-20
ImpfenSchuetzt,17,2021-10-20
Indian,17,2021-10-20
INTERNACIONAL,17,2021-10-20
Iraq,17,2021-10-20
italy,17,2021-10-20
Karnataka,17,2021-10-20
KayBurley,17,2021-10-20
korona,17,2021-10-20
landlords,17,2021-10-20
Local,17,2021-10-20
Molnupiravir,17,2021-10-20
Morelos,17,2021-10-20
mtpol,17,2021-10-20
Nepal,17,2021-10-20
NousSavons,17,2021-10-20
Nursing,17,2021-10-20
NVAX,17,2021-10-20
onlinejobs,17,2021-10-20
osteoporosis,17,2021-10-20
Philippines,17,2021-10-20
pregnant,17,2021-10-20
presidente,17,2021-10-20
productivity,17,2021-10-20
property,17,2021-10-20
quotes,17,2021-10-20
radio,17,2021-10-20
RegístrateGratis,17,2021-10-20
RemoteWork,17,2021-10-20
SHIB,17,2021-10-20
SmallBusinessWeek,17,2021-10-20
SocialDistance,17,2021-10-20
sport,17,2021-10-20
stress,17,2021-10-20
Telehealth,17,2021-10-20
terzadose,17,2021-10-20
Tihari4DDCA,17,2021-10-20
UKGovernment,17,2021-10-20
UNICEF,17,2021-10-20
Vacunémonos,17,2021-10-20
vaxxed,17,2021-10-20
WalterReed,17,2021-10-20
Webinar,17,2021-10-20
WeWillNeverForget,17,2021-10-20
ανεμβολιαστοι,17,2021-10-20
ΕΜΒΟΛΙΑΣΜΟΙ,17,2021-10-20
Україна,17,2021-10-20
新冠肺炎,17,2021-10-20
ACubaPonleCorazón,16,2021-10-20
AEWDynamite,16,2021-10-20
agenda,16,2021-10-20
Asia,16,2021-10-20
Beijing,16,2021-10-20
blockchain,16,2021-10-20
BreastCancerAwarenessMonth,16,2021-10-20
Brésil,16,2021-10-20
btc,16,2021-10-20
cannabis,16,2021-10-20
charity,16,2021-10-20
CNBC,16,2021-10-20
comedy,16,2021-10-20
contagios,16,2021-10-20
Covid1984,16,2021-10-20
COVID19NL,16,2021-10-20
COVID19Ontario,16,2021-10-20
COVID19Vaccination,16,2021-10-20
CovidGesetz,16,2021-10-20
COVIDvaccine,16,2021-10-20
CRE,16,2021-10-20
cyberattack,16,2021-10-20
CybersecurityAwarenessMonth,16,2021-10-20
DailyBriefing,16,2021-10-20
depression,16,2021-10-20
Employment,16,2021-10-20
EndPoliceBrutality,16,2021-10-20
FutureOfWork,16,2021-10-20
globalhealth,16,2021-10-20
Gommers,16,2021-10-20
Greece,16,2021-10-20
growth,16,2021-10-20
haber,16,2021-10-20
healthylifestyle,16,2021-10-20
housing,16,2021-10-20
humanrights,16,2021-10-20
Industry,16,2021-10-20
inequality,16,2021-10-20
kampungtangguhjaya,16,2021-10-20
KLCeria,16,2021-10-20
KyrieIrving,16,2021-10-20
LekkiMassacre,16,2021-10-20
LetTheBodiesPileHigh,16,2021-10-20
LKA,16,2021-10-20
LocalCouncil,16,2021-10-20
Maine,16,2021-10-20
Maskenpflicht,16,2021-10-20
mexico,16,2021-10-20
MotoGP,16,2021-10-20
NACIONALES,16,2021-10-20
nanocovid,16,2021-10-20
NarendraModi,16,2021-10-20
nature,16,2021-10-20
ncpol,16,2021-10-20
NDmais,16,2021-10-20
nfl,16,2021-10-20
NFTs,16,2021-10-20
NonAuVaccinObligatoire,16,2021-10-20
NoVaccinePassport,16,2021-10-20
NSW,16,2021-10-20
OleIn,16,2021-10-20
onlinelearning,16,2021-10-20
Poland,16,2021-10-20
polreskepulauanseribu,16,2021-10-20
poverty,16,2021-10-20
ppkmlevel2,16,2021-10-20
pulauseribu,16,2021-10-20
RKI,16,2021-10-20
RUSSIA,16,2021-10-20
sabcnews,16,2021-10-20
scamdemic,16,2021-10-20
shopping,16,2021-10-20
shoppingonline,16,2021-10-20
SLP,16,2021-10-20
SouthAfrica,16,2021-10-20
startups,16,2021-10-20
STAYHOME,16,2021-10-20
telemedicine,16,2021-10-20
TheySufferWeSuffer,16,2021-10-20
TNN,16,2021-10-20
TNNONLINE,16,2021-10-20
TNNThailand,16,2021-10-20
TNNช่อง16,16,2021-10-20
together,16,2021-10-20
TravisTwitt,16,2021-10-20
UCL,16,2021-10-20
UGyouthconference21,16,2021-10-20
Unvaccinated,16,2021-10-20
VacinasSalvamVidas,16,2021-10-20
variant,16,2021-10-20
viral,16,2021-10-20
waleg,16,2021-10-20
Wales,16,2021-10-20
WASHYOURHANDS,16,2021-10-20
WorkLifeBalance,16,2021-10-20
κορωνοϊός,16,2021-10-20
пандемия,16,2021-10-20
advertising,15,2021-10-20
AntiIndiaSuperman,15,2021-10-20
artist,15,2021-10-20
asmashirazi,15,2021-10-20
Assam,15,2021-10-20
bbc,15,2021-10-20
BC,15,2021-10-20
BLM,15,2021-10-20
Brasile,15,2021-10-20
brazil,15,2021-10-20
Briefing,15,2021-10-20
Christian,15,2021-10-20
cnbc,15,2021-10-20
Coahuila,15,2021-10-20
collaboration,15,2021-10-20
Covid19India,15,2021-10-20
covid19nfld,15,2021-10-20
covidtesting,15,2021-10-20
covidvacccine,15,2021-10-20
cowin,15,2021-10-20
culture,15,2021-10-20
CX,15,2021-10-20
Democrats,15,2021-10-20
ElSalvador,15,2021-10-20
ESG,15,2021-10-20
EsNoticia,15,2021-10-20
events,15,2021-10-20
FactsMatter,15,2021-10-20
farming,15,2021-10-20
Federal,15,2021-10-20
FIRE,15,2021-10-20
future,15,2021-10-20
Gates,15,2021-10-20
google,15,2021-10-20
GQP,15,2021-10-20
halloween,15,2021-10-20
HigherEd,15,2021-10-20
hybrid,15,2021-10-20
Immigration,15,2021-10-20
International,15,2021-10-20
LosAngeles,15,2021-10-20
Melenchon,15,2021-10-20
memes,15,2021-10-20
Minister,15,2021-10-20
Motivation,15,2021-10-20
MSNBC,15,2021-10-20
MTVEMA,15,2021-10-20
nba,15,2021-10-20
NoGreenPassObbligatorio,15,2021-10-20
NoticiasHonduras,15,2021-10-20
NUFC,15,2021-10-20
OIL,15,2021-10-20
OknumAparatBrengsek,15,2021-10-20
ONEV1,15,2021-10-20
ongevaccineerden,15,2021-10-20
ottnews,15,2021-10-20
pakistan,15,2021-10-20
Palestinian,15,2021-10-20
pandemie,15,2021-10-20
PassSanitaireDeLaHonte,15,2021-10-20
polripresisi,15,2021-10-20
portualidiTrieste,15,2021-10-20
PPKM,15,2021-10-20
printerverse,15,2021-10-20
QuedateEnCasa,15,2021-10-20
ransomware,15,2021-10-20
Ras_postone,15,2021-10-20
Retail,15,2021-10-20
Sask,15,2021-10-20
SCOTUS,15,2021-10-20
SDRs,15,2021-10-20
Senegal,15,2021-10-20
soignants,15,2021-10-20
StayAtHome,15,2021-10-20
Tampico,15,2021-10-20
tamponi,15,2021-10-20
TargetedChat,15,2021-10-20
ToryLies,15,2021-10-20
TRIPSwaiver,15,2021-10-20
tutoring,15,2021-10-20
TVCultura,15,2021-10-20
unemployment,15,2021-10-20
Update,15,2021-10-20
vaccinatie,15,2021-10-20
vaccinaties,15,2021-10-20
VaccineRollOutSA,15,2021-10-20
Vacunate,15,2021-10-20
Vacúnate,15,2021-10-20
Veran,15,2021-10-20
virtualassistant,15,2021-10-20
voteblue,15,2021-10-20
workforce,15,2021-10-20
workingfromhome,15,2021-10-20
100DaysOfCode,14,2021-10-20
554Dias,14,2021-10-20
5G,14,2021-10-20
ActForEqual,14,2021-10-20
ad,14,2021-10-20
africansarenotlabrats,14,2021-10-20
AlboForPM,14,2021-10-20
Andalucia,14,2021-10-20
antivaxx,14,2021-10-20
Antofagasta,14,2021-10-20
AtenciónPrimaria,14,2021-10-20
axiosam,14,2021-10-20
ayovaksin,14,2021-10-20
BCpoli,14,2021-10-20
BlackHistoryMonth,14,2021-10-20
Brusaferro,14,2021-10-20
cases,14,2021-10-20
CastillaLaMancha,14,2021-10-20
change,14,2021-10-20
christmas,14,2021-10-20
CIA,14,2021-10-20
CLAIRVOYANT,14,2021-10-20
Climate,14,2021-10-20
CMSWPKL,14,2021-10-20
construction,14,2021-10-20
Córdoba,14,2021-10-20
coronavaccine,14,2021-10-20
CovidGesetzNein,14,2021-10-20
covidiot,14,2021-10-20
Covidiots,14,2021-10-20
CovidZertifikat,14,2021-10-20
cpi,14,2021-10-20
CRISIS,14,2021-10-20
Cronaca,14,2021-10-20
Delhi,14,2021-10-20
Democide,14,2021-10-20
Digital,14,2021-10-20
DigitalMarketing,14,2021-10-20
diversity,14,2021-10-20
earnmoneyonline,14,2021-10-20
eldercare,14,2021-10-20
elearning,14,2021-10-20
ELECTION,14,2021-10-20
ELECTIONS,14,2021-10-20
ENERGY,14,2021-10-20
entrepreneurship,14,2021-10-20
Ethereum,14,2021-10-20
Food,14,2021-10-20
foodie,14,2021-10-20
football,14,2021-10-20
for,14,2021-10-20
games,14,2021-10-20
GAS,14,2021-10-20
Georgia,14,2021-10-20
GreatResignation,14,2021-10-20
greece,14,2021-10-20
Guatemala,14,2021-10-20
haberler,14,2021-10-20
HamOnt,14,2021-10-20
happy,14,2021-10-20
HAVANASYNDROME,14,2021-10-20
iartg,14,2021-10-20
infrastructure,14,2021-10-20
inners,14,2021-10-20
insta,14,2021-10-20
INTELLIGENCE,14,2021-10-20
IP,14,2021-10-20
jobsearch,14,2021-10-20
JobSearch,14,2021-10-20
Kashmir,14,2021-10-20
Korona,14,2021-10-20
libero,14,2021-10-20
LIBYAN,14,2021-10-20
LiteraturePosts,14,2021-10-20
london,14,2021-10-20
LTC,14,2021-10-20
Military,14,2021-10-20
mindfulness,14,2021-10-20
mobilsocial,14,2021-10-20
modernavaccine,14,2021-10-20
MS,14,2021-10-20
MyBodyMyChoice,14,2021-10-20
Navarra,14,2021-10-20
niños,14,2021-10-20
NoArNaCBN,14,2021-10-20
NurembergTrialsForCovid,14,2021-10-20
ONpoli,14,2021-10-20
ONU,14,2021-10-20
PaseDeMovilidad,14,2021-10-20
patlama,14,2021-10-20
PDIPerjuangan,14,2021-10-20
PdteAldanaCantv,14,2021-10-20
plagueisland,14,2021-10-20
Podcast,14,2021-10-20
poetry,14,2021-10-20
PortadasHonduras,14,2021-10-20
protestagainstkmuproff,14,2021-10-20
PSYCHIC,14,2021-10-20
Querétaro,14,2021-10-20
quotidiano,14,2021-10-20
RádioGaúcha,14,2021-10-20
Reynosa,14,2021-10-20
Salta,14,2021-10-20
SarsCov2,14,2021-10-20
sbtnews,14,2021-10-20
SIGNforMECFS,14,2021-10-20
SiguemeYTeSigo,14,2021-10-20
Somalia,14,2021-10-20
stayathome,14,2021-10-20
StopTheSpread,14,2021-10-20
Supplychain,14,2021-10-20
TangguhTumbuh2021,14,2021-10-20
teaching,14,2021-10-20
TejasswiPrakash,14,2021-10-20
TheBangkokInsight,14,2021-10-20
TheMomentIsNow,14,2021-10-20
TigrayGenocide,14,2021-10-20
Truth,14,2021-10-20
ULTIMAHORA,14,2021-10-20
UN,14,2021-10-20
university,14,2021-10-20
vacancy,14,2021-10-20
VaccinesSavesLives,14,2021-10-20
variants,14,2021-10-20
wahm,14,2021-10-20
WakeUpAmerica,14,2021-10-20
WCP21,14,2021-10-20
wealth,14,2021-10-20
Workfromhome,14,2021-10-20
writing,14,2021-10-20
YoMeCuidoElDoble,14,2021-10-20
zorginfarct,14,2021-10-20
εμβολιασμος,14,2021-10-20
Россия,14,2021-10-20
โควิด19วันนี้,14,2021-10-20
ชุดตรวจATK,14,2021-10-20
abc730,13,2021-10-20
Ad,13,2021-10-20
Afganistan,13,2021-10-20
Amazon,13,2021-10-20
AmericaFirst,13,2021-10-20
American,13,2021-10-20
AngelinaJolie,13,2021-10-20
Anxiety,13,2021-10-20
artificialintelligence,13,2021-10-20
AusPol,13,2021-10-20
Bachelorette,13,2021-10-20
BanCovidVaccine,13,2021-10-20
bluewave,13,2021-10-20
BorisHasFailedTheNation,13,2021-10-20
Bullish,13,2021-10-20
businessowner,13,2021-10-20
c4news,13,2021-10-20
CanaisGlobo,13,2021-10-20
CancelCulture,13,2021-10-20
CancerDeMama,13,2021-10-20
childcare,13,2021-10-20
CiudadReal,13,2021-10-20
compliance,13,2021-10-20
confinement,13,2021-10-20
CooperativaContigo,13,2021-10-20
coronapaspoort,13,2021-10-20
corruptgovernment,13,2021-10-20
covid_48,13,2021-10-20
COVID19nCancer,13,2021-10-20
covid19vaccine,13,2021-10-20
covid19vaccines,13,2021-10-20
COVIDAB,13,2021-10-20
Covidvaccine,13,2021-10-20
DanNext,13,2021-10-20
Deaths,13,2021-10-20
DePaís,13,2021-10-20
DirectAN,13,2021-10-20
eaglenews,13,2021-10-20
economic,13,2021-10-20
ElInformativoxNacional,13,2021-10-20
EMA,13,2021-10-20
Environment,13,2021-10-20
EspecialCoronavirus,13,2021-10-20
Estonia,13,2021-10-20
EUA,13,2021-10-20
EUDataCrunch,13,2021-10-20
fauciliedpeopledied,13,2021-10-20
FBI,13,2021-10-20
FCBarcelona,13,2021-10-20
FEG,13,2021-10-20
Fiji,13,2021-10-20
financialfreedom,13,2021-10-20
food,13,2021-10-20
fraud,13,2021-10-20
fundraising,13,2021-10-20
funny,13,2021-10-20
getpaid,13,2021-10-20
Ghana,13,2021-10-20
GlblCtzn,13,2021-10-20
GlobalGreenNewDeal,13,2021-10-20
governmentcorruption,13,2021-10-20
graphicdesign,13,2021-10-20
Greenpass,13,2021-10-20
GreenPass,13,2021-10-20
Gujarat,13,2021-10-20
HLTH2021,13,2021-10-20
Honduras,13,2021-10-20
hospitals,13,2021-10-20
humanity,13,2021-10-20
impeachtrump,13,2021-10-20
inclusion,13,2021-10-20
infection,13,2021-10-20
inspiration,13,2021-10-20
ioStoConStefanoPuzzer,13,2021-10-20
Iquique,13,2021-10-20
JornalNacional,13,2021-10-20
journalism,13,2021-10-20
JR24H,13,2021-10-20
Kamloops,13,2021-10-20
KinderdurchseuchungStoppen,13,2021-10-20
leftwing,13,2021-10-20
lol,13,2021-10-20
makemoneyfromhome,13,2021-10-20
mandates,13,2021-10-20
Manitoba,13,2021-10-20
Market,13,2021-10-20
markets,13,2021-10-20
MedicalFreedom,13,2021-10-20
MNow,13,2021-10-20
NBAonTNT,13,2021-10-20
NoBajesLaGuardia,13,2021-10-20
NoGreenPassObligatorio,13,2021-10-20
nolanlive,13,2021-10-20
nswpol,13,2021-10-20
nyc,13,2021-10-20
ObligationVaccinale,13,2021-10-20
October22nd,13,2021-10-20
odx,13,2021-10-20
Office,13,2021-10-20
oil,13,2021-10-20
panfleterobot,13,2021-10-20
peace,13,2021-10-20
pharmacists,13,2021-10-20
photo,13,2021-10-20
PMModi,13,2021-10-20
prevention,13,2021-10-20
Professor,13,2021-10-20
Radio,13,2021-10-20
RAWRMayWard,13,2021-10-20
RenanCalheiros,13,2021-10-20
RocaAFazenda,13,2021-10-20
romance,13,2021-10-20
rstats,13,2021-10-20
SaludPública,13,2021-10-20
SARS,13,2021-10-20
Seattle,13,2021-10-20
Seguridad,13,2021-10-20
Slovenia,13,2021-10-20
SmallBiz,13,2021-10-20
SomosContinuidad,13,2021-10-20
stockmarket,13,2021-10-20
StockMarket,13,2021-10-20
Striketober,13,2021-10-20
suspense,13,2021-10-20
Tabasco,13,2021-10-20
TeamFiji,13,2021-10-20
terzaketv,13,2021-10-20
Tlaxcala,13,2021-10-20
Tokyo,13,2021-10-20
ToryBrexitDisaster,13,2021-10-20
ToryCriminals,13,2021-10-20
training,13,2021-10-20
twitter,13,2021-10-20
UnionConf,13,2021-10-20
URGENTE,13,2021-10-20
VaccineEquity,13,2021-10-20
vaccinepassports,13,2021-10-20
Vaccini,13,2021-10-20
Wednesdayvibe,13,2021-10-20
WeThePeople,13,2021-10-20
WhatsApp,13,2021-10-20
Xalapa,13,2021-10-20
Zertifikatspflicht,13,2021-10-20
боевое,13,2021-10-20
Коронавирус,13,2021-10-20
Магия,13,2021-10-20
السعودية,13,2021-10-20
คมชัดลึกออนไลน์,13,2021-10-20
น้ําท่วมโคราช,13,2021-10-20
コロナウイルス,13,2021-10-20
19octubre,12,2021-10-20
2G,12,2021-10-20
Abst21,12,2021-10-20
adaptasikebiasaanbaru,12,2021-10-20
Afghanishtan,12,2021-10-20
Afghanistan,12,2021-10-20
Afrique,12,2021-10-20
aging,12,2021-10-20
airlines,12,2021-10-20
AppleEvent,12,2021-10-20
artwork,12,2021-10-20
ay42,12,2021-10-20
AZPOR,12,2021-10-20
banking,12,2021-10-20
BBC,12,2021-10-20
bced,12,2021-10-20
BeKind,12,2021-10-20
BidenBorderCrisis,12,2021-10-20
BiggBoss15,12,2021-10-20
bigisland,12,2021-10-20
Blog,12,2021-10-20
BorisLiedBritonsDied,12,2021-10-20
Bulgaria,12,2021-10-20
Campania,12,2021-10-20
care,12,2021-10-20
Career,12,2021-10-20
casos,12,2021-10-20
Chetumal,12,2021-10-20
ClinicalTrials,12,2021-10-20
Coding,12,2021-10-20
Colza,12,2021-10-20
Consumidor,12,2021-10-20
contentmarketing,12,2021-10-20
covaxin,12,2021-10-20
COVID19Canada,12,2021-10-20
COVID19gr,12,2021-10-20
Covid19Ireland,12,2021-10-20
covidbriefing,12,2021-10-20
COVIDCanada,12,2021-10-20
Covidioten,12,2021-10-20
COVIDNZ,12,2021-10-20
cpidacovid,12,2021-10-20
Cricket,12,2021-10-20
Cyprus,12,2021-10-20
DailyCovidUpdate,12,2021-10-20
DataAnalytics,12,2021-10-20
Dawei,12,2021-10-20
democracy,12,2021-10-20
disabilities,12,2021-10-20
Doctors,12,2021-10-20
Edomex,12,2021-10-20
EjércitoGT,12,2021-10-20
employers,12,2021-10-20
Entertainment,12,2021-10-20
environment,12,2021-10-20
EnVivo,12,2021-10-20
fightcovid,12,2021-10-20
Flu,12,2021-10-20
Followback,12,2021-10-20
followme,12,2021-10-20
forzaondulatoria,12,2021-10-20
freelance,12,2021-10-20
FuerzaDePuebloQueVence,12,2021-10-20
genocide,12,2021-10-20
GiftCard,12,2021-10-20
GOPTraitorsToDemocracy,12,2021-10-20
Guanajuato,12,2021-10-20
handmade,12,2021-10-20
Hawaii,12,2021-10-20
hawaiiairports,12,2021-10-20
hawaiidepartmentoftransportation,12,2021-10-20
healthandsafety,12,2021-10-20
healthcareworker,12,2021-10-20
HealthcareWorkers,12,2021-10-20
homeschooling,12,2021-10-20
HouseMusic,12,2021-10-20
immunocompromised,12,2021-10-20
Infektionen,12,2021-10-20
invermectin,12,2021-10-20
Itabuna,12,2021-10-20
Italie,12,2021-10-20
JabatanPenerangan,12,2021-10-20
jeremyvine,12,2021-10-20
JN,12,2021-10-20
kauai,12,2021-10-20
kerala,12,2021-10-20
KomunikasiKita,12,2021-10-20
koronafi,12,2021-10-20
Labour,12,2021-10-20
Lara,12,2021-10-20
lefties,12,2021-10-20
Management,12,2021-10-20
maui,12,2021-10-20
MeghanMarkle,12,2021-10-20
mentalhealthawareness,12,2021-10-20
mentalhealthmatters,12,2021-10-20
Microsoft,12,2021-10-20
MIGlobal,12,2021-10-20
MINDEF,12,2021-10-20
morningjoe,12,2021-10-20
mtnews,12,2021-10-20
Music,12,2021-10-20
NACIONAL,12,2021-10-20
Naucalpan,12,2021-10-20
networking,12,2021-10-20
networkmarketing,12,2021-10-20
NetZero,12,2021-10-20
newsnight,12,2021-10-20
NewWorldOrder,12,2021-10-20
nft,12,2021-10-20
NFTart,12,2021-10-20
Nigeria,12,2021-10-20
nlpoli,12,2021-10-20
NoMandatoryVaccination,12,2021-10-20
Novavax,12,2021-10-20
nursing,12,2021-10-20
nyokkitevaksin,12,2021-10-20
odaat,12,2021-10-20
onlinemarketing,12,2021-10-20
OOTT,12,2021-10-20
PaidLeaveForAll,12,2021-10-20
Phuket,12,2021-10-20
Plandemic,12,2021-10-20
PlanetaCoronavirus,12,2021-10-20
PLOMO19,12,2021-10-20
postpandemic,12,2021-10-20
PPE,12,2021-10-20
PR,12,2021-10-20
Property,12,2021-10-20
ProtectOurChildren,12,2021-10-20
Qatar,12,2021-10-20
Querdenker,12,2021-10-20
racism,12,2021-10-20
RealEstate,12,2021-10-20
RegnoUnito,12,2021-10-20
resilience,12,2021-10-20
respect,12,2021-10-20
RIP,12,2021-10-20
Saltillo,12,2021-10-20
SaludMental,12,2021-10-20
salute,12,2021-10-20
Sante,12,2021-10-20
Santé,12,2021-10-20
Schools,12,2021-10-20
scicomm,12,2021-10-20
SDV,12,2021-10-20
sheep,12,2021-10-20
ShineALight,12,2021-10-20
Siguemeytesigo,12,2021-10-20
sondakika,12,2021-10-20
StayHomeStaySafe,12,2021-10-20
student,12,2021-10-20
Supremo,12,2021-10-20
svgnewsbot,12,2021-10-20
talent,12,2021-10-20
TamizajeComunitario,12,2021-10-20
testing,12,2021-10-20
tests,12,2021-10-20
Texans,12,2021-10-20
tips,12,2021-10-20
TransformativeChange,12,2021-10-20
transportation,12,2021-10-20
traveling,12,2021-10-20
travelingtohawaii,12,2021-10-20
TrendingNow,12,2021-10-20
TunayNaTabloidista,12,2021-10-20
Turismo,12,2021-10-20
TV,12,2021-10-20
UgMoving4wd,12,2021-10-20
update,12,2021-10-20
Vaccinations,12,2021-10-20
Vaccino,12,2021-10-20
Vacunacion,12,2021-10-20
VacunateRD,12,2021-10-20
visitinghawaii,12,2021-10-20
wapol,12,2021-10-20
WeHealAsOne,12,2021-10-20
Zimbabwe,12,2021-10-20
คืนพุธxmusicbnk48,12,2021-10-20
เคอแพท,12,2021-10-20
อินทร์บุรีเขื่อนแตก,12,2021-10-20
노컷뉴스,12,2021-10-20
트와이스와의_매순간이_눈부셔,12,2021-10-20
263Chat,11,2021-10-20
AbanteNews,11,2021-10-20
AbuDhabi,11,2021-10-20
ACubaPonleCorazon,11,2021-10-20
AfghanistanCrisis,11,2021-10-20
amwriting,11,2021-10-20
ARMY,11,2021-10-20
AryanKhan,11,2021-10-20
aşı,11,2021-10-20
ATVNoticiasEdiciónMatinal,11,2021-10-20
Auspol,11,2021-10-20
authors,11,2021-10-20
BAHIYYIH_LOCKDOWN,11,2021-10-20
barquisimeto,11,2021-10-20
bbcdn,11,2021-10-20
BBCNews,11,2021-10-20
bbcyourquestions,11,2021-10-20
beauty,11,2021-10-20
Beijing2022,11,2021-10-20
Beisbol,11,2021-10-20
BNB,11,2021-10-20
boletim,11,2021-10-20
BongkarRekayasaKM50,11,2021-10-20
borisjohnson,11,2021-10-20
Brazilian,11,2021-10-20
breakthrough,11,2021-10-20
breastcancer,11,2021-10-20
BrexitChaos,11,2021-10-20
cancerawareness,11,2021-10-20
CCC19,11,2021-10-20
ccp,11,2021-10-20
Celtics,11,2021-10-20
Census,11,2021-10-20
Ciencia,11,2021-10-20
CloudComputing,11,2021-10-20
Colima,11,2021-10-20
College,11,2021-10-20
competitiveintelligence,11,2021-10-20
ConDanielEnLa2,11,2021-10-20
Contagios,11,2021-10-20
CoronaVac,11,2021-10-20
coronaviruspandemic,11,2021-10-20
Covaxinapproval,11,2021-10-20
covid1984,11,2021-10-20
covid19aus,11,2021-10-20
COVID19ireland,11,2021-10-20
CPIDoCirco,11,2021-10-20
Czech,11,2021-10-20
dance,11,2021-10-20
DC,11,2021-10-20
debt,11,2021-10-20
DeTodosDepende,11,2021-10-20
dirumahaja,11,2021-10-20
DittaturaSanitaria,11,2021-10-20
DonaldTrump,11,2021-10-20
economia,11,2021-10-20
edchat,11,2021-10-20
Endsarsmemorial,11,2021-10-20
engineering,11,2021-10-20
Enterate,11,2021-10-20
entertainment,11,2021-10-20
Espectáculos,11,2021-10-20
EUCO,11,2021-10-20
F1,11,2021-10-20
FactCheck,11,2021-10-20
FalsaPandemia,11,2021-10-20
farleft,11,2021-10-20
FauciLiedAndPeopleDied,11,2021-10-20
fbm21,11,2021-10-20
FelizMiércoles,11,2021-10-20
film,11,2021-10-20
Follow,11,2021-10-20
frontera,11,2021-10-20
GENERAL,11,2021-10-20
Genocide,11,2021-10-20
GenZ,11,2021-10-20
GetVaccinatedASAP,11,2021-10-20
getvaxxed,11,2021-10-20
giftideas,11,2021-10-20
GME,11,2021-10-20
GOLD,11,2021-10-20
GoogleAlerts,11,2021-10-20
GovernmentCovidCatastrophe,11,2021-10-20
HappeningNow,11,2021-10-20
healthequity,11,2021-10-20
HeroesDeLaSalud,11,2021-10-20
highered,11,2021-10-20
history,11,2021-10-20
HoldTheLine,11,2021-10-20
Hope,11,2021-10-20
HouseholdPulseSurvey,11,2021-10-20
HydroxyChloroquine,11,2021-10-20
IChooseVaccination,11,2021-10-20
idpol,11,2021-10-20
Impfpflicht,11,2021-10-20
Inflation,11,2021-10-20
invest,11,2021-10-20
Investment,11,2021-10-20
ItsNotOver,11,2021-10-20
japantravelban,11,2021-10-20
JoeRogan,11,2021-10-20
K12,11,2021-10-20
KastLeDaEsperanzaAChile,11,2021-10-20
KastPresidente2022,11,2021-10-20
kyrieirving,11,2021-10-20
LaPrensaSecuestrada,11,2021-10-20
larazon_es,11,2021-10-20
Lauterbach,11,2021-10-20
LBC,11,2021-10-20
Learning,11,2021-10-20
leftwingpolitics,11,2021-10-20
LetsGoAndrews,11,2021-10-20
libtards,11,2021-10-20
literacy,11,2021-10-20
live,11,2021-10-20
longtermcare,11,2021-10-20
lorenzomendoza,11,2021-10-20
LoÚltimo,11,2021-10-20
luisitocomunica,11,2021-10-20
malware,11,2021-10-20
Marine2022,11,2021-10-20
MedicalTyranny,11,2021-10-20
MeiaHora,11,2021-10-20
Mentalhealth,11,2021-10-20
MiercolesDeGanarSeguidores,11,2021-10-20
MirandaSigueCuidándose,11,2021-10-20
mondkapje,11,2021-10-20
mondkapjesplicht,11,2021-10-20
Montana,11,2021-10-20
more,11,2021-10-20
mumbai,11,2021-10-20
Myanmar,11,2021-10-20
nessunacorrelazione,11,2021-10-20
NetflixWalkout,11,2021-10-20
neurology,11,2021-10-20
newyork,11,2021-10-20
NHPolitics,11,2021-10-20
NightCurfew,11,2021-10-20
NIH,11,2021-10-20
notizie,11,2021-10-20
NoVaccinePassportAnywhere,11,2021-10-20
nphet,11,2021-10-20
nytimes,11,2021-10-20
obesity,11,2021-10-20
openaccess,11,2021-10-20
opinion,11,2021-10-20
PaidLeave,11,2021-10-20
parenting,11,2021-10-20
PCRtest,11,2021-10-20
Pediatrics,11,2021-10-20
pharmtech,11,2021-10-20
PILIPINOMirror,11,2021-10-20
Politica,11,2021-10-20
polrestabanyumas,11,2021-10-20
Portugal,11,2021-10-20
Powell,11,2021-10-20
Prevención,11,2021-10-20
protectourkids,11,2021-10-20
ProtectTheKids,11,2021-10-20
Punjab,11,2021-10-20
Recovery,11,2021-10-20
recoveryposse,11,2021-10-20
RESBAKUNA,11,2021-10-20
Resistance,11,2021-10-20
RICMais,11,2021-10-20
RIVM,11,2021-10-20
RTPCR,11,2021-10-20
Rwanda,11,2021-10-20
SABCNews,11,2021-10-20
Salute,11,2021-10-20
SanCristóbal,11,2021-10-20
santé,11,2021-10-20
SaudiArabia,11,2021-10-20
sdv,11,2021-10-20
SEL,11,2021-10-20
Senado,11,2021-10-20
siguemeytesigo,11,2021-10-20
smallbiz,11,2021-10-20
smallbusinessowner,11,2021-10-20
soberaf,11,2021-10-20
SolidBergerak,11,2021-10-20
sondakikahaber,11,2021-10-20
Speranza,11,2021-10-20
spotify,11,2021-10-20
SquidGame,11,2021-10-20
stockstowatch,11,2021-10-20
StrayKids,11,2021-10-20
study,11,2021-10-20
sustainable,11,2021-10-20
szczepimysię,11,2021-10-20
TakeBackPakStudentsToChina,11,2021-10-20
TB,11,2021-10-20
tcot,11,2021-10-20
TeamVaccine,11,2021-10-20
TedCruz,11,2021-10-20
Tennis,11,2021-10-20
test,11,2021-10-20
ThirdWave,11,2021-10-20
ToryBritain,11,2021-10-20
Toscana,11,2021-10-20
Transit,11,2021-10-20
TravelAdvice,11,2021-10-20
TrumpVirus,11,2021-10-20
Tuberculosis,11,2021-10-20
Tunisia,11,2021-10-20
tvcultura,11,2021-10-20
twill,11,2021-10-20
UBI,11,2021-10-20
UltimaHora,11,2021-10-20
unitedstates,11,2021-10-20
USRC,11,2021-10-20
vallelapascua,11,2021-10-20
Vaxxed,11,2021-10-20
Veterans,11,2021-10-20
VIDEO,11,2021-10-20
VirusCorona,11,2021-10-20
VoteBlue,11,2021-10-20
VoteFordOut2022,11,2021-10-20
vtpoli,11,2021-10-20
WA,11,2021-10-20
WATO,11,2021-10-20
Wellbeing,11,2021-10-20
WestBengal,11,2021-10-20
winter,11,2021-10-20
womeninbusiness,11,2021-10-20
WorkFromAnywhere,11,2021-10-20
youtube,11,2021-10-20
YouTube,11,2021-10-20
Zacatecas,11,2021-10-20
ZombieReligion,11,2021-10-20
zonabianca,11,2021-10-20
вакцинация,11,2021-10-20
медицина,11,2021-10-20
ワクチン,11,2021-10-20
21CSAssessment,10,2021-10-20
Abdala,10,2021-10-20
AbLeg,10,2021-10-20
accessibility,10,2021-10-20
AD,10,2021-10-20
addiction,10,2021-10-20
Agile,10,2021-10-20
Ahora,10,2021-10-20
ai,10,2021-10-20
Alabama,10,2021-10-20
AlMomento,10,2021-10-20
Alter,10,2021-10-20
animals,10,2021-10-20
apocalypse,10,2021-10-20
AskWHO,10,2021-10-20
ATMLIV,10,2021-10-20
Aufschlüsselung,10,2021-10-20
AusOpen,10,2021-10-20
auspoI,10,2021-10-20
Autism,10,2021-10-20
Aviation,10,2021-10-20
Bahrain,10,2021-10-20
BB15,10,2021-10-20
Bears,10,2021-10-20
Berlin,10,2021-10-20
bersamacegahcovid19,10,2021-10-20
BersatuLawanCorona,10,2021-10-20
BersatuLawanCovid19,10,2021-10-20
Binance,10,2021-10-20
BKK,10,2021-10-20
BolsonaroVergonhaDoBrasil,10,2021-10-20
bonus,10,2021-10-20
budget,10,2021-10-20
BukanBeritaBiasa,10,2021-10-20
Bundesrat,10,2021-10-20
businesses,10,2021-10-20
businessopportunity,10,2021-10-20
CABA,10,2021-10-20
california,10,2021-10-20
Canal13,10,2021-10-20
CaraboboSeguro,10,2021-10-20
carsamba,10,2021-10-20
catholique,10,2021-10-20
cbsnews,10,2021-10-20
CCP,10,2021-10-20
ℂℂℙ,10,2021-10-20
clinicaltrials,10,2021-10-20
Colorado,10,2021-10-20
CommonSense,10,2021-10-20
Congress,10,2021-10-20
conservatives,10,2021-10-20
content,10,2021-10-20
CórdobaEsp,10,2021-10-20
CoronaUpdatesInIndia,10,2021-10-20
Coronavirus2019nCoV,10,2021-10-20
Council,10,2021-10-20
covid19vaccination,10,2021-10-20
Covid19Vic,10,2021-10-20
CovidBriefing,10,2021-10-20
COVIDIDIOTS,10,2021-10-20
CovidIsAirborne,10,2021-10-20
CovidReport,10,2021-10-20
CPIDaVergonha,10,2021-10-20
crime,10,2021-10-20
crisis,10,2021-10-20
CubaSalva,10,2021-10-20
CuidémonosEntreTodos,10,2021-10-20
curfewlifted,10,2021-10-20
currentaffairs,10,2021-10-20
cvspharmtech,10,2021-10-20
dataviz,10,2021-10-20
death,10,2021-10-20
defi,10,2021-10-20
DEI,10,2021-10-20
detention,10,2021-10-20
disability,10,2021-10-20
dittatura,10,2021-10-20
donotcomply,10,2021-10-20
DoNotForceForVaccine,10,2021-10-20
drudge,10,2021-10-20
Dune,10,2021-10-20
DunyaUpdates,10,2021-10-20
DXB,10,2021-10-20
Edoméx,10,2021-10-20
emailmarketing,10,2021-10-20
EmptyShelvesJoe,10,2021-10-20
energy,10,2021-10-20
estallidosocial2,10,2021-10-20
event,10,2021-10-20
EvictionMoratorium,10,2021-10-20
exercise,10,2021-10-20
ÉxitoNoticias,10,2021-10-20
fahrettinkocaistifa,10,2021-10-20
faroldabahia,10,2021-10-20
followforfollow,10,2021-10-20
Football,10,2021-10-20
FREE,10,2021-10-20
freealaaalraj,10,2021-10-20
FreedomToVoteAct,10,2021-10-20
freekayed,10,2021-10-20
FreeMaziNnamdiKanuNow,10,2021-10-20
freemiqdad,10,2021-10-20
FutureStudy,10,2021-10-20
GBNews,10,2021-10-20
Geimpfte,10,2021-10-20
Geschlecht,10,2021-10-20
GlobalHealth,10,2021-10-20
gno,10,2021-10-20
Grenpass,10,2021-10-20
Guadalajara,10,2021-10-20
Guayaquil,10,2021-10-20
HCQ,10,2021-10-20
HealthAndSafety,10,2021-10-20
HealthEquity,10,2021-10-20
healthinsurance,10,2021-10-20
HealthNews,10,2021-10-20
HeartInvestmentDay,10,2021-10-20
HelpMyanmarIDPs,10,2021-10-20
HeresToItAll,10,2021-10-20
hope,10,2021-10-20
Hotel,10,2021-10-20
HRLACareers,10,2021-10-20
HRVA,10,2021-10-20
HumanRightsViolations,10,2021-10-20
humaspolreskarimun,10,2021-10-20
Hypocrisy,10,2021-10-20
ICAC,10,2021-10-20
ICU,10,2021-10-20
ImmuneSystem,10,2021-10-20
immunology,10,2021-10-20
impfen,10,2021-10-20
impfenstattschimpfen,10,2021-10-20
influencer,10,2021-10-20
Influenza,10,2021-10-20
internationalnews,10,2021-10-20
investors,10,2021-10-20
IOW,10,2021-10-20
IowaGOP,10,2021-10-20
Iranian,10,2021-10-20
IsItOk,10,2021-10-20
Itatiaia,10,2021-10-20
Jamaica,10,2021-10-20
japan,10,2021-10-20
JavaScript,10,2021-10-20
JDQ,10,2021-10-20
JIMIN,10,2021-10-20
JobAlert,10,2021-10-20
jobseekers,10,2021-10-20
joebiden,10,2021-10-20
justsaying,10,2021-10-20
koronavirüs,10,2021-10-20
LaHabana,10,2021-10-20
LasNoticias,10,2021-10-20
LdnOnt,10,2021-10-20
Leralla,10,2021-10-20
LiarJohnson,10,2021-10-20
liberte,10,2021-10-20
LISA,10,2021-10-20
LiveSicilia,10,2021-10-20
Ljubljana,10,2021-10-20
localnews,10,2021-10-20
MakeSchoolsSafe,10,2021-10-20
Málaga,10,2021-10-20
MandateMasksNY,10,2021-10-20
Marokko,10,2021-10-20
MegacentroDeVacunación,10,2021-10-20
MEK,10,2021-10-20
meme,10,2021-10-20
Michigan,10,2021-10-20
Michoacán,10,2021-10-20
Milano,10,2021-10-20
mix,10,2021-10-20
MorningJoe,10,2021-10-20
morti,10,2021-10-20
msnbc,10,2021-10-20
muertes,10,2021-10-20
MultipleSclerosis,10,2021-10-20
MyMissionCompanion,10,2021-10-20
Naledi,10,2021-10-20
naturalimmunity,10,2021-10-20
nbpoli,10,2021-10-20
Neumología,10,2021-10-20
newsonline,10,2021-10-20
NewsUpdate,10,2021-10-20
NewsUpdates,10,2021-10-20
NHLJets,10,2021-10-20
Niños,10,2021-10-20
NODEAL,10,2021-10-20
nonelarena,10,2021-10-20
np,10,2021-10-20
NSTnation,10,2021-10-20
NZ,10,2021-10-20
October,10,2021-10-20
OctubreVictorioso,10,2021-10-20
oncology,10,2021-10-20
Onpoli,10,2021-10-20
opensea,10,2021-10-20
opportunity,10,2021-10-20
ottoemezzo,10,2021-10-20
pakaimasker,10,2021-10-20
PandoraPapers,10,2021-10-20
passiveincome,10,2021-10-20
patients,10,2021-10-20
people,10,2021-10-20
photojournalism,10,2021-10-20
podcasts,10,2021-10-20
politas,10,2021-10-20
politica,10,2021-10-20
political,10,2021-10-20
polrestabanan,10,2021-10-20
polsekkebasen,10,2021-10-20
positivi,10,2021-10-20
primarycare,10,2021-10-20
privacy,10,2021-10-20
productmarketing,10,2021-10-20
protest,10,2021-10-20
ProtokolKesehatan,10,2021-10-20
PSUV,10,2021-10-20
PuertoRico,10,2021-10-20
pune,10,2021-10-20
QuarantineFree,10,2021-10-20
read,10,2021-10-20
reading,10,2021-10-20
RedeemingLoveMovie,10,2021-10-20
RemoteJobs,10,2021-10-20
RemoteWorking,10,2021-10-20
ReporteCovid,10,2021-10-20
robotics,10,2021-10-20
RoyaumeUni,10,2021-10-20
sales,10,2021-10-20
sante,10,2021-10-20
Saskatchewan,10,2021-10-20
saveeyad,10,2021-10-20
saveisraa,10,2021-10-20
ScottishIndependence,10,2021-10-20
ScumMedia,10,2021-10-20
SDX,10,2021-10-20
selflove,10,2021-10-20
SemáforoVerde,10,2021-10-20
seo,10,2021-10-20
sidehustle,10,2021-10-20
singapore,10,2021-10-20
SME,10,2021-10-20
SoundCloud,10,2021-10-20
staysafestayhome,10,2021-10-20
Stocks,10,2021-10-20
SuperBonusShopee10Juta,10,2021-10-20
supplychains,10,2021-10-20
Sustainability,10,2021-10-20
teacher,10,2021-10-20
Telangana,10,2021-10-20
thankyou,10,2021-10-20
The,10,2021-10-20
TRIESTERESISTE,10,2021-10-20
TRIIS,10,2021-10-20
Trudeau,10,2021-10-20
TrumpisaNationalDisgrace,10,2021-10-20
TuckerCarlson,10,2021-10-20
UFCVegas41,10,2021-10-20
UGFiscalCharter,10,2021-10-20
UmudumuzAsıDeğilOnline,10,2021-10-20
UnangTabloidSNegosyo,10,2021-10-20
UnidosEnVictorias,10,2021-10-20
UOL,10,2021-10-20
Vacation,10,2021-10-20
VaccinationCovid,10,2021-10-20
vaccineren,10,2021-10-20
vaksin,10,2021-10-20
vaksinitusehat,10,2021-10-20
Valneva,10,2021-10-20
variante,10,2021-10-20
VíasChile,10,2021-10-20
Vigo,10,2021-10-20
Virginia,10,2021-10-20
VitaminD,10,2021-10-20
VzlaSinAgua,10,2021-10-20
Website,10,2021-10-20
WellnessWednesday,10,2021-10-20
wildlife,10,2021-10-20
Wohnort,10,2021-10-20
Women,10,2021-10-20
WomenWhoCode,10,2021-10-20
workfromanywhere,10,2021-10-20
workout,10,2021-10-20
WWAVChat,10,2021-10-20
yoga,10,2021-10-20
zoom,10,2021-10-20
юмор,10,2021-10-20
الحرية_لكايد_الفسفوس,10,2021-10-20
الكويت,10,2021-10-20
किसानों_दिल्ली_चलो,10,2021-10-20
ชุดตรวจ,10,2021-10-20
ชุดตรวจโควิดพร้อมส่ง,10,2021-10-20
パンデミック,10,2021-10-20
わたしも投票します,10,2021-10-20
企業危機管理,10,2021-10-20
19Octubre,9,2021-10-20
20octubre,9,2021-10-20
24h,9,2021-10-20
650AM,9,2021-10-20
AB,9,2021-10-20
Abbott,9,2021-10-20
AbriendoLaConversación,9,2021-10-20
AcademicTwitter,9,2021-10-20
ACTUALIZACIÓN,9,2021-10-20
AffiliateMarketing,9,2021-10-20
ageism,9,2021-10-20
AgenciaMxNoticias,9,2021-10-20
airport,9,2021-10-20
altcoin,9,2021-10-20
altseason,9,2021-10-20
Amazonas,9,2021-10-20
americalatina,9,2021-10-20
Americans,9,2021-10-20
anime,9,2021-10-20
antibody,9,2021-10-20
AnushkaSharma,9,2021-10-20
apartmentliving,9,2021-10-20
arrest,9,2021-10-20
AryanKhanBail,9,2021-10-20
asthma,9,2021-10-20
backtowork,9,2021-10-20
Barbados,9,2021-10-20
BBunker,9,2021-10-20
BeatriceSilenzi,9,2021-10-20
benefits,9,2021-10-20
Bengaluru,9,2021-10-20
besmettingen,9,2021-10-20
BFMTV,9,2021-10-20
Birmingham,9,2021-10-20
bjp,9,2021-10-20
blessed,9,2021-10-20
BolsonaroEmHaia,9,2021-10-20
BonifaceMwangiUnmasked,9,2021-10-20
Boosters,9,2021-10-20
boris,9,2021-10-20
BoycottBeijing2022,9,2021-10-20
britain,9,2021-10-20
Burnout,9,2021-10-20
Calama,9,2021-10-20
Caldas,9,2021-10-20
Cali,9,2021-10-20
canlab,9,2021-10-20
CaraboboD411,9,2021-10-20
cars,9,2021-10-20
cat,9,2021-10-20
Cdnpoli,9,2021-10-20
CentralLineCT,9,2021-10-20
CEV,9,2021-10-20
cex,9,2021-10-20
ClaroyRaspao,9,2021-10-20
CocuyoChequea,9,2021-10-20
comment,9,2021-10-20
communication,9,2021-10-20
CostaRica,9,2021-10-20
covid19bc,9,2021-10-20
COVID19de,9,2021-10-20
COVID2020,9,2021-10-20
covidbooster,9,2021-10-20
Covidiot,9,2021-10-20
CovidTesting,9,2021-10-20
CrimesContraAHumanidade,9,2021-10-20
CubaSalvaVidas,9,2021-10-20
CubaViva,9,2021-10-20
DCR13,9,2021-10-20
Death,9,2021-10-20
Democracy,9,2021-10-20
Dengue,9,2021-10-20
DeSantis,9,2021-10-20
dex,9,2021-10-20
DiarioLibre,9,2021-10-20
DictatureEnMarche,9,2021-10-20
DigitalIndia,9,2021-10-20
Disease,9,2021-10-20
disiplinbersamapolri,9,2021-10-20
DiversityandInclusion,9,2021-10-20
Diwali,9,2021-10-20
donation,9,2021-10-20
dosage,9,2021-10-20
DoTheRightThing,9,2021-10-20
DStv403,9,2021-10-20
DuneMovie,9,2021-10-20
ebook,9,2021-10-20
Economia,9,2021-10-20
economics,9,2021-10-20
EconTwitter,9,2021-10-20
EdTech,9,2021-10-20
Educación,9,2021-10-20
educators,9,2021-10-20
enboucle,9,2021-10-20
england,9,2021-10-20
enrichedfeed,9,2021-10-20
EntérateEnReforma,9,2021-10-20
Entrepreneurs,9,2021-10-20
Entrepreneurship,9,2021-10-20
espn,9,2021-10-20
Estado,9,2021-10-20
EstrategiaDeVacunación,9,2021-10-20
EvacuateRefugeesFromLibya,9,2021-10-20
ExcludedUnity,9,2021-10-20
FABIOFRANCHI,9,2021-10-20
facebookads,9,2021-10-20
farmacia,9,2021-10-20
FastTrackCities,9,2021-10-20
FBPE,9,2021-10-20
Fox,9,2021-10-20
france,9,2021-10-20
freeworldnews,9,2021-10-20
frontpagestoday,9,2021-10-20
furucombo,9,2021-10-20
FWN,9,2021-10-20
gaming,9,2021-10-20
GatesFoundation,9,2021-10-20
GBBO,9,2021-10-20
Gesundheit,9,2021-10-20
GetaranMY,9,2021-10-20
GiletsJaunes,9,2021-10-20
GirlsWhoPrint,9,2021-10-20
GoGreyhoundRacing,9,2021-10-20
GranBretagna,9,2021-10-20
grippe,9,2021-10-20
Guerrero,9,2021-10-20
handwashing,9,2021-10-20
headlines,9,2021-10-20
HealthyLiving,9,2021-10-20
HEESEUNG,9,2021-10-20
heroes,9,2021-10-20
Hiring,9,2021-10-20
holiday,9,2021-10-20
homecare,9,2021-10-20
Hydroxychloroquine,9,2021-10-20
hymprudious,9,2021-10-20
IAPHS2021,9,2021-10-20
ICESCO,9,2021-10-20
IFCOnline,9,2021-10-20
IGDglobal2021,9,2021-10-20
IMF,9,2021-10-20
Immunity,9,2021-10-20
impfung,9,2021-10-20
IMPORTANTE,9,2021-10-20
IndiaChahtaHai,9,2021-10-20
infections,9,2021-10-20
Instagram,9,2021-10-20
isolation,9,2021-10-20
IStandWithFarmers,9,2021-10-20
jabs,9,2021-10-20
JavidOut,9,2021-10-20
JDM,9,2021-10-20
joerogan,9,2021-10-20
johnsonout,9,2021-10-20
JornalDaRecord,9,2021-10-20
JuntosLoLogramos,9,2021-10-20
Justice,9,2021-10-20
Kebetu,9,2021-10-20
KeepYourDistance,9,2021-10-20
KerajaanPrihatin,9,2021-10-20
KissesDelavin,9,2021-10-20
KitaMestiMenang,9,2021-10-20
KwasiKwarteng,9,2021-10-20
landlord,9,2021-10-20
LaurenBoebertIsSoDumb,9,2021-10-20
lavoro,9,2021-10-20
Lawyer,9,2021-10-20
learn,9,2021-10-20
LeaveOurKidsAlone,9,2021-10-20
Lebanon,9,2021-10-20
Letonia,9,2021-10-20
LetsTACLcoordination,9,2021-10-20
LFAUIT,9,2021-10-20
Linux,9,2021-10-20
Lombardia,9,2021-10-20
loop,9,2021-10-20
Machine,9,2021-10-20
mahanthesh,9,2021-10-20
MakeMoneyOnline,9,2021-10-20
Malawi,9,2021-10-20
Mandate,9,2021-10-20
Mandates,9,2021-10-20
MandatoryVaccination,9,2021-10-20
Manifs23octobre,9,2021-10-20
McAuliffeDelivers,9,2021-10-20
Media,9,2021-10-20
MentalHealthAwareness,9,2021-10-20
Miami,9,2021-10-20
mindset,9,2021-10-20
MirandoAlFuturo,9,2021-10-20
ModiRojgarDo,9,2021-10-20
monde,9,2021-10-20
Montpellier,9,2021-10-20
murder,9,2021-10-20
mustread,9,2021-10-20
myocarditis,9,2021-10-20
NCT127_Favorite,9,2021-10-20
NEET,9,2021-10-20
NeverTrustATory,9,2021-10-20
NewSouthWales,9,2021-10-20
newsru,9,2021-10-20
newsua,9,2021-10-20
newsuaru,9,2021-10-20
newsupdate,9,2021-10-20
NM935,9,2021-10-20
NoFarmerNoFood,9,2021-10-20
NuevaYork,9,2021-10-20
NY,9,2021-10-20
o,9,2021-10-20
Odessa,9,2021-10-20
OECD,9,2021-10-20
Ohio,9,2021-10-20
Olympics,9,2021-10-20
ontario,9,2021-10-20
PainelConass,9,2021-10-20
pandemics,9,2021-10-20
PasiónXCuba,9,2021-10-20
pcr,9,2021-10-20
Pixel6Launch,9,2021-10-20
plandemi,9,2021-10-20
Please,9,2021-10-20
PMOI,9,2021-10-20
poem,9,2021-10-20
Politique,9,2021-10-20
PorSiNoLoViste,9,2021-10-20
PPpy,9,2021-10-20
prabhu,9,2021-10-20
prabhuwrites,9,2021-10-20
PremierLeague,9,2021-10-20
press,9,2021-10-20
PressRelease,9,2021-10-20
ProjectPlay,9,2021-10-20
prokes,9,2021-10-20
PublishVaccineDeathData,9,2021-10-20
Puglia,9,2021-10-20
PutThatInYourPipe,9,2021-10-20
qldpol,9,2021-10-20
QRsamenleving,9,2021-10-20
refugees,9,2021-10-20
Remain,9,2021-10-20
RemoveNDMA2005,9,2021-10-20
RESIST,9,2021-10-20
ReviewYourLandlordSafestan,9,2021-10-20
risk,9,2021-10-20
RMK12,9,2021-10-20
RPA,9,2021-10-20
Russland,9,2021-10-20
Rusya,9,2021-10-20
SanaDistancia,9,2021-10-20
SaveAmerica,9,2021-10-20
scam,9,2021-10-20
Schulen,9,2021-10-20
selfemployed,9,2021-10-20
Sénégal,9,2021-10-20
SEO,9,2021-10-20
Serbia,9,2021-10-20
shipping,9,2021-10-20
shoplocal,9,2021-10-20
Sindonews,9,2021-10-20
Sinopharm,9,2021-10-20
SkandalBUMNGate,9,2021-10-20
smartcontracts,9,2021-10-20
Solidaridad,9,2021-10-20
StarmerOut,9,2021-10-20
Startup,9,2021-10-20
StopDictatureSanitaire,9,2021-10-20
stopPrivatisation,9,2021-10-20
supportlocal,9,2021-10-20
svpol,9,2021-10-20
takeUsBackToChina,9,2021-10-20
TalCual,9,2021-10-20
Tanzania,9,2021-10-20
tax,9,2021-10-20
Teachers,9,2021-10-20
TeamIndia,9,2021-10-20
TeamTERF,9,2021-10-20
TechNews,9,2021-10-20
ThisIsOurShot,9,2021-10-20
ThisRunsDeep,9,2021-10-20
TimesNews,9,2021-10-20
todaycb,9,2021-10-20
toriesout,9,2021-10-20
tory,9,2021-10-20
transparency,9,2021-10-20
Transportation,9,2021-10-20
trend,9,2021-10-20
Trinidad,9,2021-10-20
Tucker,9,2021-10-20
Tucson,9,2021-10-20
TVV,9,2021-10-20
txlege,9,2021-10-20
Uk,9,2021-10-20
ÚltimoMinuto,9,2021-10-20
unvaxxed,9,2021-10-20
Utah,9,2021-10-20
VaccinateToSaveSouthAfrica,9,2021-10-20
VaccineDeaths,9,2021-10-20
Vaccines4All,9,2021-10-20
VAERS,9,2021-10-20
VAGov,9,2021-10-20
vaksinasi,9,2021-10-20
vaxmandates,9,2021-10-20
ventilate,9,2021-10-20
volunteer,9,2021-10-20
Voterizer,9,2021-10-20
VR,9,2021-10-20
wealthmanagement,9,2021-10-20
Wearamask,9,2021-10-20
who,9,2021-10-20
Work,9,2021-10-20
workers,9,2021-10-20
worldometers,9,2021-10-20
wsj,9,2021-10-20
YouNetflix,9,2021-10-20
youth,9,2021-10-20
ТСН,9,2021-10-20
कोरोनावायरस,9,2021-10-20
ข่าววันนี้,9,2021-10-20
海外科学,9,2021-10-20
疫苗,9,2021-10-20
